month,BCEX6T Index,BCOMDET Index,BCOMTR Index,BEHLTREU Index,CPBRLET AV Equity,Convertibles Index EUR,DBDCONIA Index,ECC0TR03 Index,ESTR3MA Index (+ 100BP),ESTR3MA Index (+ 150BP),ESTR3MA Index (+ 200BP),JPEIDHEU Index,LBEATREU Index,LCEMTRUU Index,LE13TREU Index,LECPTREU Index,LEEGTREU Index,LEGATRUU Index,LET1TREU Index,MSDEE15N Index,MSDEEEMN Index,MSDEEMUN Index,MSDEWEUN Index,MSDEWIN Index,MXWOHEUR Index,Mikrofinanz,NDDLE15 Index,NDEEWNR Index,NDUEEGF Index,NEIXCTA Index,SPGSUETR Index,TReuters Global Hedged,VG1 HTM Index,VG2 HTM Index
1960-02,,,-0.012734,,,,,,,,,,,,,,,,,,,,,,,,,,,,,,,
1960-03,,,0.022336,,,,,,,,,,,,,,,,,,,,,,,,,,,,,,,
1960-04,,,-0.0018459999999999998,,,,,,,,,,,,,,,,,,,,,,,,,,,,,,,
1960-05,,,0.00298,,,,,,,,,,,,,,,,,,,,,,,,,,,,,,,
1960-06,,,-0.007377,,,,,,,,,,,,,,,,,,,,,,,,,,,,,,,
1960-07,,,0.011354,,,,,,,,,,,,,,,,,,,,,,,,,,,,,,,
1960-08,,,-0.003929,,,,,,,,,,,,,,,,,,,,,,,,,,,,,,,
1960-09,,,0.002408,,,,,,,,,,,,,,,,,,,,,,,,,,,,,,,
1960-10,,,0.020852,,,,,,,,,,,,,,,,,,,,,,,,,,,,,,,
1960-11,,,-0.018674,,,,,,,,,,,,,,,,,,,,,,,,,,,,,,,
1960-12,,,0.024232999999999998,,,,,,,,,,,,,,,,,,,,,,,,,,,,,,,
1961-01,,,0.059076000000000004,,,,,,,,,,,,,,,,,,,,,,,,,,,,,,,
1961-02,,,0.068855,,,,,,,,,,,,,,,,,,,,,,,,,,,,,,,
1961-03,,,-0.034014,,,,,,,,,,,,,,,,,,,,,,,,,,,,,,,
1961-04,,,0.050471,,,,,,,,,,,,,,,,,,,,,,,,,,,,,,,
1961-05,,,-0.040674999999999996,,,,,,,,,,,,,,,,,,,,,,,,,,,,,,,
1961-06,,,-0.031415,,,,,,,,,,,,,,,,,,,,,,,,,,,,,,,
1961-07,,,-0.018527000000000002,,,,,,,,,,,,,,,,,,,,,,,,,,,,,,,
1961-08,,,-0.010128,,,,,,,,,,,,,,,,,,,,,,,,,,,,,,,
1961-09,,,-0.025074,,,,,,,,,,,,,,,,,,,,,,,,,,,,,,,
1961-10,,,0.008524,,,,,,,,,,,,,,,,,,,,,,,,,,,,,,,
1961-11,,,0.012311,,,,,,,,,,,,,,,,,,,,,,,,,,,,,,,
1961-12,,,-0.022778999999999997,,,,,,,,,,,,,,,,,,,,,,,,,,,,,,,
1962-01,,,-0.027753999999999997,,,,,,,,,,,,,,,,,,,,,,,,,,,,,,,
1962-02,,,-0.007568,,,,,,,,,,,,,,,,,,,,,,,,,,,,,,,
1962-03,,,0.029788000000000002,,,,,,,,,,,,,,,,,,,,,,,,,,,,,,,
1962-04,,,-0.015854999999999998,,,,,,,,,,,,,,,,,,,,,,,,,,,,,,,
1962-05,,,-0.01505,,,,,,,,,,,,,,,,,,,,,,,,,,,,,,,
1962-06,,,-0.006973,,,,,,,,,,,,,,,,,,,,,,,,,,,,,,,
1962-07,,,-0.007074,,,,,,,,,,,,,,,,,,,,,,,,,,,,,,,
1962-08,,,0.00468,,,,,,,,,,,,,,,,,,,,,,,,,,,,,,,
1962-09,,,-0.014906999999999998,,,,,,,,,,,,,,,,,,,,,,,,,,,,,,,
1962-10,,,0.028111,,,,,,,,,,,,,,,,,,,,,,,,,,,,,,,
1962-11,,,0.020545,,,,,,,,,,,,,,,,,,,,,,,,,,,,,,,
1962-12,,,0.027292,,,,,,,,,,,,,,,,,,,,,,,,,,,,,,,
1963-01,,,0.068685,,,,,,,,,,,,,,,,,,,,,,,,,,,,,,,
1963-02,,,0.005884,,,,,,,,,,,,,,,,,,,,,,,,,,,,,,,
1963-03,,,-0.010610999999999999,,,,,,,,,,,,,,,,,,,,,,,,,,,,,,,
1963-04,,,0.044367000000000004,,,,,,,,,,,,,,,,,,,,,,,,,,,,,,,
1963-05,,,0.035197,,,,,,,,,,,,,,,,,,,,,,,,,,,,,,,
1963-06,,,-0.007801,,,,,,,,,,,,,,,,,,,,,,,,,,,,,,,
1963-07,,,-0.046487999999999995,,,,,,,,,,,,,,,,,,,,,,,,,,,,,,,
1963-08,,,0.007976,,,,,,,,,,,,,,,,,,,,,,,,,,,,,,,
1963-09,,,0.092425,,,,,,,,,,,,,,,,,,,,,,,,,,,,,,,
1963-10,,,0.072763,,,,,,,,,,,,,,,,,,,,,,,,,,,,,,,
1963-11,,,-0.046394000000000005,,,,,,,,,,,,,,,,,,,,,,,,,,,,,,,
1963-12,,,0.018657,,,,,,,,,,,,,,,,,,,,,,,,,,,,,,,
1964-01,,,-0.033858,,,,,,,,,,,,,,,,,,,,,,,,,,,,,,,
1964-02,,,-0.019483,,,,,,,,,,,,,,,,,,,,,,,,,,,,,,,
1964-03,,,-0.015005,,,,,,,,,,,,,,,,,,,,,,,,,,,,,,,
1964-04,,,0.004143,,,,,,,,,,,,,,,,,,,,,,,,,,,,,,,
1964-05,,,-0.020631,,,,,,,,,,,,,,,,,,,,,,,,,,,,,,,
1964-06,,,0.001362,,,,,,,,,,,,,,,,,,,,,,,,,,,,,,,
1964-07,,,-0.014492,,,,,,,,,,,,,,,,,,,,,,,,,,,,,,,
1964-08,,,0.03644,,,,,,,,,,,,,,,,,,,,,,,,,,,,,,,
1964-09,,,0.030082,,,,,,,,,,,,,,,,,,,,,,,,,,,,,,,
1964-10,,,0.01131,,,,,,,,,,,,,,,,,,,,,,,,,,,,,,,
1964-11,,,0.037504,,,,,,,,,,,,,,,,,,,,,,,,,,,,,,,
1964-12,,,-0.02614,,,,,,,,,,,,,,,,,,,,,,,,,,,,,,,
1965-01,,,0.022650999999999998,,,,,,,,,,,,,,,,,,,,,,,,,,,,,,,
1965-02,,,-0.008813,,,,,,,,,,,,,,,,,,,,,,,,,,,,,,,
1965-03,,,-3.9e-05,,,,,,,,,,,,,,,,,,,,,,,,,,,,,,,
1965-04,,,-0.005772,,,,,,,,,,,,,,,,,,,,,,,,,,,,,,,
1965-05,,,-0.017769999999999998,,,,,,,,,,,,,,,,,,,,,,,,,,,,,,,
1965-06,,,-0.0016370000000000002,,,,,,,,,,,,,,,,,,,,,,,,,,,,,,,
1965-07,,,4e-05,,,,,,,,,,,,,,,,,,,,,,,,,,,,,,,
1965-08,,,-0.0052,,,,,,,,,,,,,,,,,,,,,,,,,,,,,,,
1965-09,,,0.028428,,,,,,,,,,,,,,,,,,,,,,,,,,,,,,,
1965-10,,,-0.008171000000000001,,,,,,,,,,,,,,,,,,,,,,,,,,,,,,,
1965-11,,,0.033624999999999995,,,,,,,,,,,,,,,,,,,,,,,,,,,,,,,
1965-12,,,0.029556,,,,,,,,,,,,,,,,,,,,,,,,,,,,,,,
1966-01,,,0.034746,,,,,,,,,,,,,,,,,,,,,,,,,,,,,,,
1966-02,,,-0.012709,,,,,,,,,,,,,,,,,,,,,,,,,,,,,,,
1966-03,,,-0.014576,,,,,,,,,,,,,,,,,,,,,,,,,,,,,,,
1966-04,,,0.031019,,,,,,,,,,,,,,,,,,,,,,,,,,,,,,,
1966-05,,,0.010885,,,,,,,,,,,,,,,,,,,,,,,,,,,,,,,
1966-06,,,0.04836700000000001,,,,,,,,,,,,,,,,,,,,,,,,,,,,,,,
1966-07,,,0.028624,,,,,,,,,,,,,,,,,,,,,,,,,,,,,,,
1966-08,,,-0.008807,,,,,,,,,,,,,,,,,,,,,,,,,,,,,,,
1966-09,,,-0.041220999999999994,,,,,,,,,,,,,,,,,,,,,,,,,,,,,,,
1966-10,,,-0.030556999999999997,,,,,,,,,,,,,,,,,,,,,,,,,,,,,,,
1966-11,,,0.019331,,,,,,,,,,,,,,,,,,,,,,,,,,,,,,,
1966-12,,,-0.012934000000000001,,,,,,,,,,,,,,,,,,,,,,,,,,,,,,,
1967-01,,,-0.007134000000000001,,,,,,,,,,,,,,,,,,,,,,,,,,,,,,,
1967-02,,,0.020097999999999998,,,,,,,,,,,,,,,,,,,,,,,,,,,,,,,
1967-03,,,0.013146,,,,,,,,,,,,,,,,,,,,,,,,,,,,,,,
1967-04,,,0.006436,,,,,,,,,,,,,,,,,,,,,,,,,,,,,,,
1967-05,,,0.0382,,,,,,,,,,,,,,,,,,,,,,,,,,,,,,,
1967-06,,,-0.070591,,,,,,,,,,,,,,,,,,,,,,,,,,,,,,,
1967-07,,,-0.016233,,,,,,,,,,,,,,,,,,,,,,,,,,,,,,,
1967-08,,,-0.012357,,,,,,,,,,,,,,,,,,,,,,,,,,,,,,,
1967-09,,,0.006785,,,,,,,,,,,,,,,,,,,,,,,,,,,,,,,
1967-10,,,0.011158999999999999,,,,,,,,,,,,,,,,,,,,,,,,,,,,,,,
1967-11,,,-0.006091,,,,,,,,,,,,,,,,,,,,,,,,,,,,,,,
1967-12,,,0.0060209999999999994,,,,,,,,,,,,,,,,,,,,,,,,,,,,,,,
1968-01,,,0.007633,,,,,,,,,,,,,,,,,,,,,,,,,,,,,,,
1968-02,,,-0.007717000000000001,,,,,,,,,,,,,,,,,,,,,,,,,,,,,,,
1968-03,,,-0.014193,,,,,,,,,,,,,,,,,,,,,,,,,,,,,,,
1968-04,,,-0.020177999999999998,,,,,,,,,,,,,,,,,,,,,,,,,,,,,,,
1968-05,,,-0.005492,,,,,,,,,,,,,,,,,,,,,,,,,,,,,,,
1968-06,,,-0.022909000000000002,,,,,,,,,,,,,,,,,,,,,,,,,,,,,,,
1968-07,,,-0.018253,,,,,,,,,,,,,,,,,,,,,,,,,,,,,,,
1968-08,,,-0.010113,,,,,,,,,,,,,,,,,,,,,,,,,,,,,,,
1968-09,,,-0.007073,,,,,,,,,,,,,,,,,,,,,,,,,,,,,,,
1968-10,,,0.073447,,,,,,,,,,,,,,,,,,,,,,,,,,,,,,,
1968-11,,,0.0421,,,,,,,,,,,,,,,,,,,,,,,,,,,,,,,
1968-12,,,0.010082,,,,,,,,,,,,,,,,,,,,,,,,,,,,,,,
1969-01,,,-0.005183,,,,,,,,,,,,,,,,,,,,,,,,,,,,,,,
1969-02,,,0.014539999999999999,,,,,,,,,,,,,,,,,,,,,,,,,,,,,,,
1969-03,,,-0.007877,,,,,,,,,,,,,,,,,,,,,,,,,,,,,,,
1969-04,,,0.038159,,,,,,,,,,,,,,,,,,,,,,,,,,,,,,,
1969-05,,,0.019675,,,,,,,,,,,,,,,,,,,,,,,,,,,,,,,
1969-06,,,-0.003469,,,,,,,,,,,,,,,,,,,,,,,,,,,,,,,
1969-07,,,-0.022214,,,,,,,,,,,,,,,,,,,,,,,,,,,,,,,
1969-08,,,0.003323,,,,,,,,,,,,,,,,,,,,,,,,,,,,,,,
1969-09,,,0.020481,,,,,,,,,,,,,,,,,,,,,,,,,,,,,,,
1969-10,,,0.040801,,,,,,,,,,,,,,,,,,,,,,,,,,,,,,,
1969-11,,,-0.005600000000000001,,,,,,,,,,,,,,,,,,,,,,,,,,,,,,,
1969-12,,,-0.002624,,,,,,,,,,,,,,,,,,,,,,,,,,,,,,,
1970-01,,,0.016042,,,,,,,,,,,,,,,,,,,,,,,,,,,,,,,
1970-02,,,0.024819,,,,,,,,,,,,,,,,,,,,,,,,-0.031111,,,,0.030261,,,
1970-03,,,0.010877,,,,,,,,,,,,,,,,,,,,,,,,0.012598,,,,0.014496,,,
1970-04,,,0.027676,,,,,,,,,,,,,,,,,,,,,,,,-0.07361,,,,-0.0031019999999999997,,,
1970-05,,,-0.009134999999999999,,,,,,,,,,,,,,,,,,,,,,,,-0.053475999999999996,,,,-0.029703,,,
1970-06,,,0.06705,,,,,,,,,,,,,,,,,,,,,,,,0.011691,,,,0.07094299999999999,,,
1970-07,,,-0.006031,,,,,,,,,,,,,,,,,,,,,,,,0.047394,,,,-0.010254000000000001,,,
1970-08,,,0.05715,,,,,,,,,,,,,,,,,,,,,,,,0.007391999999999999,,,,0.050976,,,
1970-09,,,0.006167000000000001,,,,,,,,,,,,,,,,,,,,,,,,0.010754,,,,0.012562,,,
1970-10,,,0.038393000000000004,,,,,,,,,,,,,,,,,,,,,,,,-0.005293,,,,-0.003532,,,
1970-11,,,-0.01505,,,,,,,,,,,,,,,,,,,,,,,,-0.045933,,,,-0.013747,,,
1970-12,,,0.001323,,,,,,,,,,,,,,,,,,,,,,,,0.023305,,,,0.00903,,,
1971-01,,,0.039458,,,,,,,,,,,,,,,,,,,,,,,,0.042448,,,,0.050824999999999995,,,
1971-02,,,-0.016351,,,,,,,,,,,,,,,,,,,,,,,,0.002856,,,,-0.009673000000000001,,,
1971-03,,,-0.008767,,,,,,,,,,,,,,,,,,,,,,,,0.032746,,,,0.010436,,,
1971-04,,,-0.0073880000000000005,,,,,,,,,,,,,,,,,,,,,,,,0.041275000000000006,,,,0.006279,,,
1971-05,,,0.033814000000000004,,,,,,,,,,,,,,,,,,,,,,,,0.019302,,,,0.036867000000000004,,,
1971-06,,,0.022096,,,,,,,,,,,,,,,,,,,,,,,,0.005752,,,,-0.010136000000000001,,,
1971-07,,,0.003973,,,,,,,,,,,,,,,,,,,,,,,,0.043308,,,,0.00672,,,
1971-08,,,-0.019931,,,,,,,,,,,,,,,,,,,,,,,,-0.026153,,,,-0.00453,,,
1971-09,,,-0.013054,,,,,,,,,,,,,,,,,,,,,,,,-0.028356,,,,-8e-05,,,
1971-10,,,0.037069,,,,,,,,,,,,,,,,,,,,,,,,-0.034928,,,,0.046304,,,
1971-11,,,0.00046,,,,,,,,,,,,,,,,,,,,,,,,0.023666,,,,0.026248,,,
1971-12,,,0.06482700000000001,,,,,,,,,,,,,,,,,,,,,,,,0.043948,,,,0.036134,,,
1972-01,,,0.020695,,,,,,,,,,,,,,,,,,,,,,,,0.042202,,,,0.038677,,,
1972-02,,,0.015624,,,,,,,,,,,,,,,,,,,,,,,,0.049489,,,,-0.002763,,,
1972-03,,,0.021234000000000003,,,,,,,,,,,,,,,,,,,,,,,,0.019157,,,,0.013231999999999999,,,
1972-04,,,0.004013,,,,,,,,,,,,,,,,,,,,,,,,0.021723,,,,0.029262999999999997,,,
1972-05,,,0.006198,,,,,,,,,,,,,,,,,,,,,,,,0.013306,,,,0.023382,,,
1972-06,,,-0.015569,,,,,,,,,,,,,,,,,,,,,,,,-0.030203999999999998,,,,0.026483,,,
1972-07,,,-0.00643,,,,,,,,,,,,,,,,,,,,,,,,0.054348,,,,-0.009043,,,
1972-08,,,0.08671200000000001,,,,,,,,,,,,,,,,,,,,,,,,0.010401,,,,0.059728,,,
1972-09,,,0.04754,,,,,,,,,,,,,,,,,,,,,,,,-0.053303,,,,0.075691,,,
1972-10,,,-0.0035859999999999998,,,,,,,,,,,,,,,,,,,,,,,,0.017549,,,,-0.010132,,,
1972-11,,,0.047269,,,,,,,,,,,,,,,,,,,,,,,,0.024794,,,,0.03936,,,
1972-12,,,0.09632199999999999,,,,,,,,,,,,,,,,,,,,,,,,-0.005704,,,,0.079983,,,
1973-01,,,0.058644999999999996,,,,,,,,,,,,,,,,,,,,,,,,-0.010910999999999999,,,,0.034158,,,
1973-02,,,0.130765,,,,,,,,,,,,,,,,,,,,,,,,-0.010529,,,,0.043358,,,
1973-03,,,-0.0408,,,,,,,,,,,,,,,,,,,,,,,,0.033023,,,,-0.023813,,,
1973-04,,,0.15329399999999999,,,,,,,,,,,,,,,,,,,,,,,,0.006843,,,,0.060363,,,
1973-05,,,0.299067,,,,,,,,,,,,,,,,,,,,,,,,-0.016339,,,,0.182372,,,
1973-06,,,1.9e-05,,,,,,,,,,,,,,,,,,,,,,,,-0.003898,,,,-0.016939,,,
1973-07,,,0.295095,,,,,,,,,,,,,,,,,,,,,,,,-0.051276999999999996,,,,0.25772300000000004,,,
1973-08,,,-0.030528,,,,,,,,,,,,,,,,,,,,,,,,-0.013883000000000001,,,,0.024592,,,
1973-09,,,-0.00043999999999999996,,,,,,,,,,,,,,,,,,,,,,,,0.015248,,,,-0.050232,,,
1973-10,,,-0.09793900000000001,,,,,,,,,,,,,,,,,,,,,,,,0.029608,,,,-0.053332,,,
1973-11,,,0.08511300000000001,,,,,,,,,,,,,,,,,,,,,,,,-0.11042400000000001,,,,0.052351,,,
1973-12,,,0.08108800000000001,,,,,,,,,,,,,,,,,,,,,,,,-0.015449,,,,0.105287,,,
1974-01,,,0.100631,,,,,,,,,,,,,,,,,,,,,,,,0.035715,,,,0.111585,,,
1974-02,,,0.015112,,,,,,,,,,,,,,,,,,,,,,,,0.000111,,,,-0.005311,,,
1974-03,,,-0.038678,,,,,,,,,,,,,,,,,,,,,,,,-0.07675,,,,-0.115087,,,
1974-04,,,0.011722,,,,,,,,,,,,,,,,,,,,,,,,0.0276,,,,0.011066,,,
1974-05,,,-0.050098000000000004,,,,,,,,,,,,,,,,,,,,,,,,-0.06457,,,,-0.067649,,,
1974-06,,,0.09721600000000001,,,,,,,,,,,,,,,,,,,,,,,,-0.047059,,,,0.124165,,,
1974-07,,,0.300579,,,,,,,,,,,,,,,,,,,,,,,,-0.017423,,,,0.23831499999999997,,,
1974-08,,,-0.077767,,,,,,,,,,,,,,,,,,,,,,,,-0.079106,,,,-0.049048999999999995,,,
1974-09,,,0.140352,,,,,,,,,,,,,,,,,,,,,,,,-0.103063,,,,0.12098800000000001,,,
1974-10,,,0.018633999999999998,,,,,,,,,,,,,,,,,,,,,,,,0.030872999999999998,,,,0.09000400000000001,,,
1974-11,,,-0.003418,,,,,,,,,,,,,,,,,,,,,,,,-0.017258,,,,0.019456,,,
1974-12,,,-0.08272399999999999,,,,,,,,,,,,,,,,,,,,,,,,-0.019535,,,,-0.082701,,,
1975-01,,,-0.110296,,,,,,,,,,,,,,,,,,,,,,,,0.213221,,,,-0.15635,,,
1975-02,,,-0.059490999999999995,,,,,,,,,,,,,,,,,,,,,,,,0.103411,,,,-0.104125,,,
1975-03,,,0.072699,,,,,,,,,,,,,,,,,,,,,,,,-0.015489,,,,0.08449400000000001,,,
1975-04,,,-0.049864,,,,,,,,,,,,,,,,,,,,,,,,0.084217,,,,-0.046132,,,
1975-05,,,-0.000172,,,,,,,,,,,,,,,,,,,,,,,,-0.019795,,,,-0.015021,,,
1975-06,,,0.019101,,,,,,,,,,,,,,,,,,,,,,,,-0.045210999999999994,,,,0.016483,,,
1975-07,,,0.10548099999999999,,,,,,,,,,,,,,,,,,,,,,,,0.020595,,,,0.07831,,,
1975-08,,,0.017418,,,,,,,,,,,,,,,,,,,,,,,,0.026583000000000002,,,,0.09604900000000001,,,
1975-09,,,-0.009541,,,,,,,,,,,,,,,,,,,,,,,,-0.019185,,,,0.011399999999999999,,,
1975-10,,,-0.060880000000000004,,,,,,,,,,,,,,,,,,,,,,,,0.048831,,,,-0.080401,,,
1975-11,,,-0.009216,,,,,,,,,,,,,,,,,,,,,,,,0.051571,,,,-0.012185,,,
1975-12,,,-0.001348,,,,,,,,,,,,,,,,,,,,,,,,0.018002,,,,-0.026152,,,
1976-01,,,-0.018011,,,,,,,,,,,,,,,,,,,,,,,,0.042432,,,,-0.047849,,,
1976-02,,,0.037558,,,,,,,,,,,,,,,,,,,,,,,,-0.012421,,,,0.057194,,,
1976-03,,,-0.017765,,,,,,,,,,,,,,,,,,,,,,,,-0.0036309999999999997,,,,0.002056,,,
1976-04,,,0.044801,,,,,,,,,,,,,,,,,,,,,,,,-0.000512,,,,0.038489,,,
1976-05,,,0.066491,,,,,,,,,,,,,,,,,,,,,,,,-0.027212999999999998,,,,0.018091,,,
1976-06,,,0.053023999999999995,,,,,,,,,,,,,,,,,,,,,,,,-0.006812,,,,-0.016694,,,
1976-07,,,-0.073576,,,,,,,,,,,,,,,,,,,,,,,,-0.017296,,,,-0.08852499999999999,,,
1976-08,,,0.014436,,,,,,,,,,,,,,,,,,,,,,,,-0.024426,,,,-0.028121999999999998,,,
1976-09,,,-0.00029600000000000004,,,,,,,,,,,,,,,,,,,,,,,,-0.02336,,,,-0.098832,,,
1976-10,,,0.043907999999999996,,,,,,,,,,,,,,,,,,,,,,,,-0.069737,,,,-0.012331000000000002,,,
1976-11,,,0.004073,,,,,,,,,,,,,,,,,,,,,,,,0.035768,,,,0.014265000000000002,,,
1976-12,,,0.047104999999999994,,,,,,,,,,,,,,,,,,,,,,,,0.068937,,,,0.050279,,,
1977-01,,,0.014856000000000001,,,,,,,,,,,,,,,,,,,,,,,,0.020648,,,,-0.002661,,,
1977-02,,,0.045362,,,,,,,,,,,,,,,,,,,,,,,,0.00739,,,,-0.00247,,,
1977-03,,,0.055418,,,,,,,,,,,,,,,,,,,,,,,,0.002888,,,,0.036395,,,
1977-04,,,0.028756,,,,,,,,,,,,,,,,,,,,,,,,0.03276,,,,0.052305000000000004,,,
1977-05,,,-0.030396,,,,,,,,,,,,,,,,,,,,,,,,-0.006678,,,,-0.034337,,,
1977-06,,,-0.063026,,,,,,,,,,,,,,,,,,,,,,,,0.009217999999999999,,,,-0.02421,,,
1977-07,,,-0.067243,,,,,,,,,,,,,,,,,,,,,,,,-0.016671000000000002,,,,-0.085147,,,
1977-08,,,-0.031934,,,,,,,,,,,,,,,,,,,,,,,,0.051167,,,,0.009807,,,
1977-09,,,0.04151099999999999,,,,,,,,,,,,,,,,,,,,,,,,0.039266,,,,0.036478000000000003,,,
1977-10,,,0.034641000000000005,,,,,,,,,,,,,,,,,,,,,,,,-0.0074399999999999996,,,,0.028774,,,
1977-11,,,0.026427999999999997,,,,,,,,,,,,,,,,,,,,,,,,-0.020217,,,,0.042502000000000005,,,
1977-12,,,0.030366,,,,,,,,,,,,,,,,,,,,,,,,0.001898,,,,0.051204,,,
1978-01,,,0.00735,,,,,,,,,,,,,,,,,,,,,,,,-0.012672000000000001,,,,0.032242,,,
1978-02,,,0.018884,,,,,,,,,,,,,,,,,,,,,,,,-0.019364,,,,0.015754,,,
1978-03,,,0.09850500000000001,,,,,,,,,,,,,,,,,,,,,,,,0.043845999999999996,,,,0.10323700000000001,,,
1978-04,,,-0.008551,,,,,,,,,,,,,,,,,,,,,,,,0.003303,,,,0.021487,,,
1978-05,,,0.072741,,,,,,,,,,,,,,,,,,,,,,,,0.028609,,,,0.07626000000000001,,,
1978-06,,,-0.056466,,,,,,,,,,,,,,,,,,,,,,,,-0.008957,,,,-0.093386,,,
1978-07,,,0.014938,,,,,,,,,,,,,,,,,,,,,,,,0.045251,,,,0.027253,,,
1978-08,,,0.032914,,,,,,,,,,,,,,,,,,,,,,,,0.015888,,,,0.027288,,,
1978-09,,,0.038422,,,,,,,,,,,,,,,,,,,,,,,,0.016529000000000002,,,,0.056247,,,
1978-10,,,0.06733600000000001,,,,,,,,,,,,,,,,,,,,,,,,-0.036027,,,,0.01004,,,
1978-11,,,-0.052949,,,,,,,,,,,,,,,,,,,,,,,,0.005353,,,,0.025886999999999997,,,
1978-12,,,0.02664,,,,,,,,,,,,,,,,,,,,,,,,6.1000000000000005e-05,,,,-0.011692000000000001,,,
1979-01,,,0.026644,,,,,,,,,,,,,,,,,,,,,,,,0.026667,,,,0.072133,,,
1979-02,,,0.065409,,,,,,,,,,,,,,,,,,,,,,,,0.010594,,,,0.058536000000000005,,,
1979-03,,,-0.0074199999999999995,,,,,,,,,,,,,,,,,,,,,,,,0.058452000000000004,,,,-0.017757000000000002,,,
1979-04,,,0.031576,,,,,,,,,,,,,,,,,,,,,,,,0.025844,,,,0.059829999999999994,,,
1979-05,,,0.029654,,,,,,,,,,,,,,,,,,,,,,,,-0.047652,,,,-0.047115,,,
1979-06,,,0.055762,,,,,,,,,,,,,,,,,,,,,,,,-0.0077410000000000005,,,,0.013383,,,
1979-07,,,-0.026697000000000002,,,,,,,,,,,,,,,,,,,,,,,,-0.007915,,,,-0.041736,,,
1979-08,,,0.088082,,,,,,,,,,,,,,,,,,,,,,,,0.032502,,,,0.11517,,,
1979-09,,,0.126705,,,,,,,,,,,,,,,,,,,,,,,,0.030318,,,,0.042973,,,
1979-10,,,-0.027306,,,,,,,,,,,,,,,,,,,,,,,,-0.047153,,,,-0.031653,,,
1979-11,,,0.07829799999999999,,,,,,,,,,,,,,,,,,,,,,,,-0.001807,,,,0.069316,,,
1979-12,,,0.13736,,,,,,,,,,,,,,,,,,,,,,,,-0.008063,,,,0.016328,,,
1980-01,,,0.140479,,,,,,,,,,,,,,,,,,,,,,,,0.049749999999999996,,,,0.060242000000000004,,,
1980-02,,,-0.017251000000000002,,,,,,,,,,,,,,,,,,,,,,,,0.023556,,,,-0.009245999999999999,,,
1980-03,,,-0.137003,,,,,,,,,,,,,,,,,,,,,,,,-0.07959,,,,-0.139769,,,
1980-04,,,0.00393,,,,,,,,,,,,,,,,,,,,,,,,0.035271,,,,0.037057,,,
1980-05,,,0.053682,,,,,,,,,,,,,,,,,,,,,,,,0.009141,,,,0.060804,,,
1980-06,,,0.062035,,,,,,,,,,,,,,,,,,,,,,,,0.054259,,,,0.056292999999999996,,,
1980-07,,,0.037924,,,,,,,,,,,,,,,,,,,,,,,,0.026334,,,,0.047481,,,
1980-08,,,0.029275000000000002,,,,,,,,,,,,,,,,,,,,,,,,0.003098,,,,0.01609,,,
1980-09,,,0.033433000000000004,,,,,,,,,,,,,,,,,,,,,,,,0.020666000000000004,,,,0.055884,,,
1980-10,,,0.035872,,,,,,,,,,,,,,,,,,,,,,,,0.05348,,,,0.031376,,,
1980-11,,,-0.009645,,,,,,,,,,,,,,,,,,,,,,,,0.007826999999999999,,,,-0.013882,,,
1980-12,,,-0.074466,,,,,,,,,,,,,,,,,,,,,,,,-0.034796999999999995,,,,-0.07444200000000001,,,
1981-01,,,-0.08970700000000001,,,,,,,,,,,,,,,,,,,,,,,,0.0008359999999999999,,,,-0.063541,,,
1981-02,,,-0.010780000000000001,,,,,,,,,,,,,,,,,,,,,,,,0.035967,,,,-0.029025,,,
1981-03,,,0.016227000000000002,,,,,,,,,,,,,,,,,,,,,,,,0.006019,,,,-0.001687,,,
1981-04,,,-0.021503,,,,,,,,,,,,,,,,,,,,,,,,0.043107,,,,-0.01365,,,
1981-05,,,-0.026167,,,,,,,,,,,,,,,,,,,,,,,,-0.046876,,,,0.005417999999999999,,,
1981-06,,,-0.08139900000000001,,,,,,,,,,,,,,,,,,,,,,,,0.015005999999999999,,,,-0.06353500000000001,,,
1981-07,,,0.045668,,,,,,,,,,,,,,,,,,,,,,,,0.008681,,,,0.045464000000000004,,,
1981-08,,,-0.035419,,,,,,,,,,,,,,,,,,,,,,,,0.029750000000000002,,,,-0.032834,,,
1981-09,,,0.006767,,,,,,,,,,,,,,,,,,,,,,,,-0.10857599999999999,,,,-0.0012770000000000001,,,
1981-10,,,0.004189,,,,,,,,,,,,,,,,,,,,,,,,0.016123000000000002,,,,0.003019,,,
1981-11,,,-0.044209,,,,,,,,,,,,,,,,,,,,,,,,0.07756300000000001,,,,-0.045069,,,
1981-12,,,-0.031021999999999997,,,,,,,,,,,,,,,,,,,,,,,,-0.009632,,,,-0.055783,,,
1982-01,,,0.03495,,,,,,,,,,,,,,,,,,,,,,,,0.033829,,,,0.079941,,,
1982-02,,,-0.034078,,,,,,,,,,,,,,,,,,,,,,,,-0.006376,,,,-0.022472,,,
1982-03,,,-0.016241000000000002,,,,,,,,,,,,,,,,,,,,,,,,0.020284,,,,0.037298,,,
1982-04,,,0.026055000000000002,,,,,,,,,,,,,,,,,,,,,,,,0.010022999999999999,,,,0.03605,,,
1982-05,,,-0.032938999999999996,,,,,,,,,,,,,,,,,,,,,,,,0.0066359999999999995,,,,0.002267,,,
1982-06,,,-0.020417,,,,,,,,,,,,,,,,,,,,,,,,-0.041264,,,,-0.030089,,,
1982-07,,,0.0029409999999999996,,,,,,,,,,,,,,,,,,,,,,,,0.02096,,,,0.021727,,,
1982-08,,,0.016619,,,,,,,,,,,,,,,,,,,,,,,,0.022627,,,,-0.002252,,,
1982-09,,,-0.022044,,,,,,,,,,,,,,,,,,,,,,,,0.03644,,,,-0.029235,,,
1982-10,,,0.027776000000000002,,,,,,,,,,,,,,,,,,,,,,,,0.030501,,,,-0.005805,,,
1982-11,,,0.03827,,,,,,,,,,,,,,,,,,,,,,,,0.017591000000000002,,,,0.039912,,,
1982-12,,,0.005516999999999999,,,,,,,,,,,,,,,,,,,,,,,,0.029256,,,,-0.011365,,,
1983-01,,,0.087989,,,,,,,,,,,,,,,,,,,,,,,,0.040871000000000005,,,,0.034196,,,
1983-02,,,-0.059314,,,,,,,,,,,,,,,,,,,,,,,,0.041361999999999996,,,,-0.010658,,,
1983-03,,,0.062484000000000005,,,,,,,,,,,,,,,,,,,,,,,,0.068291,,,,0.060038999999999995,,,
1983-04,,,0.017868,,,,,,,,,,,,,,,,,,,,,,,,0.063094,,,,-0.014624,,,
1983-05,,,0.015017,,,,,,,,,,,,,,,,,,,,,,,,-0.009502,,,,0.006828,,,
1983-06,,,-0.011231,,,,,,,,,,,,,,,,,,,,,,,,0.042383,,,,-0.0020150000000000003,,,
1983-07,,,0.066944,,,,,,,,,,,,,,,,,,,,,,,,0.008088,,,,0.039008,,,
1983-08,,,0.08177,,,,,,,,,,,,,,,,,,,,,,,,0.000989,,,,0.025175,,,
1983-09,,,-0.027919,,,,,,,,,,,,,,,,,,,,,,,,0.003017,,,,-0.017669999999999998,,,
1983-10,,,-0.053183999999999995,,,,,,,,,,,,,,,,,,,,,,,,0.000989,,,,-0.014537,,,
1983-11,,,0.018956,,,,,,,,,,,,,,,,,,,,,,,,0.048937999999999995,,,,0.017357,,,
1983-12,,,0.013954,,,,,,,,,,,,,,,,,,,,,,,,0.020042,,,,0.036995,,,
1984-01,,,-0.036442999999999996,,,,,,,,,,,,,,,,,,,,,,,,0.073212,,,,-0.023248,,,
1984-02,,,0.035169,,,,,,,,,,,,,,,,,,,,,,,,-0.033553,,,,0.020135,,,
1984-03,,,0.035499,,,,,,,,,,,,,,,,,,,,,,,,0.036661,,,,0.058388,,,
1984-04,,,-0.019017,,,,,,,,,,,,,,,,,,,,,,,,0.024853,,,,-0.024114,,,
1984-05,,,0.036834,,,,,,,,,,,,,,,,,,,,,,,,-0.066898,,,,0.012126,,,
1984-06,,,-0.031172,,,,,,,,,,,,,,,,,,,,,,,,0.017804,,,,-0.011027,,,
1984-07,,,-0.08944200000000001,,,,,,,,,,,,,,,,,,,,,,,,-0.029148,,,,-0.064594,,,
1984-08,,,0.048482000000000004,,,,,,,,,,,,,,,,,,,,,,,,0.08240700000000001,,,,0.026824,,,
1984-09,,,-0.018154999999999998,,,,,,,,,,,,,,,,,,,,,,,,0.034371,,,,-0.027722000000000004,,,
1984-10,,,0.0030340000000000002,,,,,,,,,,,,,,,,,,,,,,,,0.010692,,,,0.028879000000000002,,,
1984-11,,,-0.01534,,,,,,,,,,,,,,,,,,,,,,,,0.01286,,,,0.018456999999999998,,,
1984-12,,,-0.03422,,,,,,,,,,,,,,,,,,,,,,,,0.031606999999999996,,,,-0.013234999999999999,,,
1985-01,,,0.017568999999999998,,,,,,,,,,,,,,,,,,,,,,,,0.064173,,,,0.007974,,,
1985-02,,,-0.029477000000000003,,,,,,,,,,,,,,,,,,,,,,,,0.005562,,,,-0.033143,,,
1985-03,,,0.08189,,,,,,,,,,,,,,,,,,,,,,,,0.012719000000000001,,,,0.025504,,,
1985-04,,,-0.024425,,,,,,,,,,,,,,,,,,,,,,,,0.025348000000000002,,,,-0.036292,,,
1985-05,,,-0.007402,,,,,,,,,,,,,,,,,,,,,,,,0.040159,,,,-0.0033829999999999997,,,
1985-06,,,-0.009646,,,,,,,,,,,,,,,,,,,,,,,,-0.010363,,,,-0.030711,,,
1985-07,,,0.001211,,,,,,,,,,,,,,,,,,,,,,,,0.008861,,,,-0.040903999999999996,,,
1985-08,,,0.009336,,,,,,,,,,,,,,,,,,,,,,,,0.059539999999999996,,,,-0.016032,,,
1985-09,,,0.020687,,,,,,,,,,,,,,,,,,,,,,,,-0.009016999999999999,,,,0.051737000000000005,,,
1985-10,,,0.043769,,,,,,,,,,,,,,,,,,,,,,,,0.08296900000000001,,,,0.07329,,,
1985-11,,,0.005812,,,,,,,,,,,,,,,,,,,,,,,,0.045006000000000004,,,,0.025382,,,
1985-12,,,0.005091,,,,,,,,,,,,,,,,,,,,,,,,0.044673,,,,0.00866,,,
1986-01,,,-0.054894,,,,,,,,,,,,,,,,,,,,,,,,0.009217999999999999,,,,-0.031269,,,
1986-02,,,-0.065263,,,,,,,,,,,,,,,,,,,,,,,,0.054821,,,,-0.0127,,,
1986-03,,,-0.011153,,,,,,,,,,,,,,,,,,,,,,,,0.11473499999999999,,,,0.021612,,,
1986-04,,,0.047005,,,,,,,,,,,,,,,,,,,,,,,,0.029473,,,,0.029956,,,
1986-05,,,-0.025835,,,,,,,,,,,,,,,,,,,,,,,,-0.033268,,,,-0.04399600000000001,,,
1986-06,,,-0.031501,,,,,,,,,,,,,,,,,,,,,,,,-0.007721,,,,0.05689,,,
1986-07,,,0.001964,,,,,,,,,,,,,,,,,,,,,,,,-0.027303,,,,0.03583,,,
1986-08,,,0.066489,,,,,,,,,,,,,,,,,,,,,,,,0.09478999999999999,,,,0.046661,,,
1986-09,,,0.029119000000000003,,,,,,,,,,,,,,,,,,,,,,,,-0.056517,,,,-0.013694,,,
1986-10,,,0.004711,,,,,,,,,,,,,,,,,,,,,,,,0.032016,,,,0.019459,,,
1986-11,,,-0.004374,,,,,,,,,,,,,,,,,,,,,,,,0.016314,,,,0.036683,,,
1986-12,,,0.018973,,,,,,,,,,,,,,,,,,,,,,,,0.0078000000000000005,,,,-0.042712,,,
1987-01,,,0.03016,,,,,,,,,,,,,,,,,,,,,,,,0.004013,,,,0.06303600000000001,,,
1987-02,,,-0.041769,,,,,,,,,,,,,,,,,,,,,,,,0.022378999999999996,,,,-0.011222000000000001,,,
1987-03,,,0.054631,,,,,,,,,,,,,,,,,,,,,,,,0.025222,,,,0.030745,,,
1987-04,,,0.069511,,,,,,,,,,,,,,,,,,,,,,,,0.020893000000000002,,,,0.077999,,,
1987-05,,,0.024232,,,,,,,,,,,,,,,,,,,,,,,,0.013057000000000001,,,,0.03932,,,
1987-06,,,0.010370999999999998,,,,,,,,,,,,,,,,,,,,,,,,0.034020999999999996,,,,0.016114,,,
1987-07,,,0.013026,,,,,,,,,,,,,,,,,,,,,,,,0.04824900000000001,,,,0.026673,,,
1987-08,,,-0.030192,,,,,,,,,,,,,,,,,,,,,,,,-0.015903,,,,0.014692,,,
1987-09,,,0.017419,,,,,,,,,,,,,,,,,,,,,,,,0.017512,,,,0.00043499999999999995,,,
1987-10,,,0.010605,,,,,,,,,,,,,,,,,,,,,,,,-0.233912,,,,-0.011137999999999999,,,
1987-11,,,0.021415000000000003,,,,,,,,,,,,,,,,,,,,,,,,-0.096868,,,,0.045154,,,
1987-12,,,-0.022638,,,,,,,,,,,,,,,,,,,,,,,,0.026456,,,,0.004446,,,
1988-01,,,0.011814,,,,,,,,,,,,,,,,,,,,,,,,0.015119,,,,0.026600000000000002,,,
1988-02,,,-0.015398,,,,,,,,,,,,,,,,,,,,,,,,0.061406999999999996,,,,0.00193,,,
1988-03,,,0.040957999999999994,,,,,,,,,,,,,,,,,,,,,,,,-0.008591,,,,0.036095999999999996,,,
1988-04,,,0.026928,,,,,,,,,,,,,,,,,,,,,,,,0.025808,,,,0.0055049999999999995,,,
1988-05,,,0.045845000000000004,,,,,,,,,,,,,,,,,,,,,,,,0.005733,,,,0.066583,,,
1988-06,,,0.040225,,,,,,,,,,,,,,,,,,,,,,,,0.054769,,,,0.025382,,,
1988-07,,,-0.048809,,,,,,,,,,,,,,,,,,,,,,,,0.015858,,,,-0.040866,,,
1988-08,,,0.000717,,,,,,,,,,,,,,,,,,,,,,,,-0.031834,,,,0.025148,,,
1988-09,,,-0.048902,,,,,,,,,,,,,,,,,,,,,,,,0.052441,,,,0.002258,,,
1988-10,,,0.021377,,,,,,,,,,,,,,,,,,,,,,,,0.034327,,,,0.02629,,,
1988-11,,,0.025783,,,,,,,,,,,,,,,,,,,,,,,,-0.016701999999999998,,,,0.012337,,,
1988-12,,,0.062427,,,,,,,,,,,,,,,,,,,,,,,,0.025665,,,,0.050076999999999997,,,
1989-01,,,-0.011148,,,,,,,,,,,,,,,,,,,,,,,,0.079124,,,,-0.008113,,,
1989-02,,,0.02746,,,,,,,,,,,,,,,,,,,,,,,,-0.022690000000000002,,,,0.019341999999999998,,,
1989-03,,,0.040631,,,,,,,,,,,,,,,,,,,,,,,,0.043877,,,,-0.000795,,,
1989-04,,,0.014502,,,,,,,,,,,,,,,,,,,,,,,,0.026143,,,,0.010431,,,
1989-05,,,-0.022163,,,,,,,,,,,,,,,,,,,,,,,,0.008754999999999999,,,,-0.017070000000000002,,,
1989-06,,,0.029131999999999998,,,,,,,,,,,,,,,,,,,,,,,,0.030661,,,,0.045946999999999995,,,
1989-07,,,-0.031639,,,,,,,,,,,,,,,,,,,,,,,,0.058841000000000004,,,,-0.021152,,,
1989-08,,,0.028481,,,,,,,,,,,,,,,,,,,,,,,,0.037569,,,,0.013745,,,
1989-09,,,0.031951,,,,,,,,,,,,,,,,,,,,,,,,-0.01757,,,,0.025514000000000002,,,
1989-10,,,-0.0026290000000000003,,,,,,,,,,,,,,,,,,,,,,,,-0.066353,,,,0.003302,,,
1989-11,,,0.022829000000000002,,,,,,,,,,,,,,,,,,,,,,,,0.043799000000000005,,,,0.020323,,,
1989-12,,,0.036448,,,,,,,,,,,,,,,,,,,,,,,,0.063001,,,,0.023531,,,
1990-01,,,0.000249,,,,,,,,,,,,,,,,,,,,,,,,-0.02347,,,,-0.0026929999999999996,,,
1990-02,,,0.020807000000000003,,,,,,,,,,,,,,,-0.005192,,,,,,,,,-0.023722,,,,0.023666,,,
1990-03,,,0.009764,,,,,,,,,,,,,,,-0.005298000000000001,,,,,,,,,0.024378,,,,0.028565999999999998,,,
1990-04,,,0.004862,,,,,,,,,,,,,,,-0.0052190000000000005,,,,,,,,,-0.035435,,,,0.033603999999999995,,,
1990-05,,,-0.013741000000000001,,,,,,,,,,,,,,,0.03173,,,,,,,,,0.074617,,,,-0.000593,,,
1990-06,,,-0.0024129999999999998,,,,,,,,,,,,,,,0.018506,,,,,,,,,0.009564,,,,-0.0027,,,
1990-07,,,0.040759,,,,,,,,,,,,,,,0.026284000000000002,,,,,,,,,-0.008683999999999999,,,,0.017314,,,
1990-08,,,0.09627599999999999,,,,,,,,,,,,,,,-0.010069,,,,,,,,,-0.111378,,,,0.002498,,,
1990-09,,,0.138044,,,,,,,,,,,,,,,0.009295,,,,,,,,,-0.116887,,,,0.07573,,,
1990-10,,,-0.052206999999999996,,,,,,,,,,,,,,,0.031681,,,,,,,,,0.051551,,,,-0.023357000000000003,,,
1990-11,,,-0.048381999999999994,,,,,,,,,,,,,,,0.018308,,,,,,,,,0.005718999999999999,,,,-0.024936,,,
1990-12,,,-0.002206,,,,,,,,,,,,,,,0.011698,,,,,,,,,-0.011193999999999999,,,,0.008459,,,
1991-01,,,-0.07570400000000001,,,,,,,,,,,,,,,0.021572,,,,,,,,,0.019154,,,,-0.015325,,,
1991-02,,,0.020593,,,,,,,,,,,,,,,0.004822,,,,,,,,,0.114199,,,,0.030133999999999998,,,
1991-03,,,0.007000999999999999,,,,,,,,,,,,,,,-0.021594000000000002,,,,,,,,,0.029625,,,,0.016463000000000002,,,
1991-04,,,0.004543,,,,,,,,,,,,,,,0.01142,,,,,,,,,0.009247,,,,-0.002134,,,
1991-05,,,-0.010902,,,,,,,,,,,,,,,0.00317,,,,,,,,,0.029239,,,,-0.016083,,,
1991-06,,,-0.024697,,,,,,,,,,,,,,,-0.008276,,,,,,,,,-0.035944,,,,-0.01742,,,
1991-07,,,0.042899,,,,,,,,,,,,,,,0.018937,,,,,,,,,0.032603,,,,0.032841,,,
1991-08,,,0.001603,,,,,,,,,,,,,,,0.020456,,,,,,,,,0.018127,,,,-0.009936,,,
1991-09,,,0.013068,,,,,,,,,,,,,,,0.032866,,,,,,,,,-0.013608,,,,0.018864000000000002,,,
1991-10,,,0.00905,,,,,,,,,,,,,,,0.011914000000000001,,,,,,,,,-0.012734,,,,-0.0021390000000000003,,,
1991-11,,,-0.02529,,,,,,,,,,,,,,,0.012281,,,,,,,,,-0.04341300000000001,,,,-0.011148,,,
1991-12,,,-0.041807,,,,,,,,,,,,,,,0.043754,,,,,,,,,0.012192000000000001,,,,-0.020453000000000002,,,
1992-01,,,0.019916,,,,,,,,,,,,,,,-0.015435,,,,,,,,,0.051635999999999994,,,,0.037368,,,
1992-02,,,0.000114,,,,,,,,,,,,,,,-4.3e-05,,,,,,,,,0.021221999999999998,,,,-0.0058709999999999995,,,
1992-03,,,0.009196,,,,,,,,,,,,,,,-0.008562,,,,,,,,,-0.026812,,,,0.005391,,,
1992-04,,,0.008246,,,,,,,,,,,,,,,0.006506,,,,,,,,,0.050061,,,,0.002736,,,
1992-05,,,0.034115,,,,,,,,,,,,,,,0.028304999999999997,,,,,,,,,0.02367,,,,0.006343,,,
1992-06,,,0.004083,,,,,,,,,,,,,,,0.022768,,,,,,,,,-0.062638,,,,0.018625,,,
1992-07,,,-0.003485,,,,,,,,,,,,,,,0.020587,,,,,,,,,-0.058426,,,,-0.02635,,,
1992-08,,,-0.010661,,,,,,,,,,,,,,,0.021232,,,,,,,,,-0.042688,,,,0.000852,,,
1992-09,,,0.0148,,,,,,,,,,,,,,,0.003499,,,,,,,,,0.03642,,,,0.013975,,,
1992-10,,,-0.029493000000000002,,,,,,,,,,,,,,,-0.02242,,,,,,,,,0.033563,,,,-0.010604,,,
1992-11,,,-0.008437,,,,,,,,,,,,,,,-0.009473,,,,,,,,,0.042919,,,,0.018583000000000002,,,
1992-12,,,-0.000522,,,,,,,,,,,,,,,0.011052,,,,,,,,,0.031584,,,,0.009122,,,
1993-01,,,-0.001872,,,,,,,,,,,,,,,0.017162999999999998,,,,,,,,,0.007415000000000001,,,,0.008508,,,
1993-02,,,0.012352,,,,,,,,,,,,,,,0.015791,,,,,,,,,0.049131999999999995,,,,0.015105,,,
1993-03,,,0.023745,,,,,,,,,,,,,,,0.010849,,,,,,,,,0.016839,,,,0.039144,,,
1993-04,,,0.009238,,,,,,,,,,,,,,,0.014336,,,,,,,,,-0.011062,,,,-0.018561,,,
1993-05,,,-0.017895,,,,,,,,,,,,,,,0.0068059999999999996,,,,,,,,,0.015904,,,,-0.022521,,,
1993-06,,,-0.0032229999999999997,,,,,,,,,,,,,,,0.005162,,,,,,,,,0.032591,,,,-0.007895,,,
1993-07,,,0.017229,,,,,,,,,,,,,,,0.00033099999999999997,,,,,,,,,0.038751,,,,0.024784,,,
1993-08,,,-0.017105,,,,,,,,,,,,,,,0.025505,,,,,,,,,0.06504,,,,-0.004417,,,
1993-09,,,-0.02334,,,,,,,,,,,,,,,0.008652,,,,,,,,,-0.021749,,,,-0.003437,,,
1993-10,,,-0.012354,,,,,,,,,,,,,,,0.000945,,,,,,,,,0.062293,,,,0.008609,,,
1993-11,,,-0.010681000000000001,,,,,,,,,,,,,,,-0.008886,,,,,,,,,-0.010287999999999999,,,,-0.015915,,,
1993-12,,,0.014563999999999999,,,0.0,,,,,,,,,,,,0.009316,,,,,,,,,0.08093600000000001,,,,0.026045,,,
1994-01,,,0.037024,,,0.03813871300250282,,,,,,,,,,,,0.011848000000000001,,,,,,,,,0.042381,,,,0.035412,,,
1994-02,,,-0.007739,,,-0.01546099290780134,,,,,,,,,,,,-0.012568,,,,,,,,,-0.042946,,,,-0.006653,,,
1994-03,,,0.002201,,,-0.03832300821207324,,,,,,,,,,,,-0.012139,,,,,,,,,-0.041255,,,,-0.018955,,,
1994-04,,,0.02114,,,-0.0020973782771542826,,,,,,,,,,,,-0.002414,,,,,,,,,0.028654000000000002,,,,-0.004433,,,
1994-05,,,0.053640999999999994,,,-0.0042035730370815205,,,,,,,,,,,,-0.005583,,,,,,,,,-0.04449499999999999,,,,-0.001981,,,
1994-06,,,0.028325999999999997,,,-0.01794060003015241,,,,,,,,,,,,0.006716,,,,,,,,,-0.036761,,,,-0.002366,,,
1994-07,,,0.013595999999999999,,,0.020571077678845473,,,,,,,,,,,,0.014535,,,,,,,,,0.053411,,,,0.014178999999999999,,,
1994-08,,,-0.026514000000000003,,,0.00030084235860461384,,,,,,,,,,,,-0.001198,,,,,,,,,0.027374999999999997,,,,-0.012105,,,
1994-09,,,0.001507,,,-0.02541353383458611,,,,,,,,,,,,-0.001628,,,,,,,,,-0.061574,,,,-0.008060000000000001,,,
1994-10,,,0.008044,,,-0.001388674587255223,,,,,,,,,,,,0.010530999999999999,,,,,,,,,0.013856,,,,0.010224,,,
1994-11,,,-0.002202,,,-0.014369592088998573,,,,,,,,,,,,-0.009969,,,,,,,,,0.004052,,,,-0.015917,,,
1994-12,,,0.028224,,,-0.0036055808120392108,,,,,,,,,,,,0.004666,,,,,,,,,-0.00114,,,,0.060485,,,
1995-01,,,-0.005729,,,-0.0248584015103841,,,,,,,,,,,,0.02092,,,,,,,,,-0.023632,,,,-0.015363,,,
1995-02,,,-0.0013020000000000002,,,-0.014359470797031926,,,,,,,,,,,,0.02469,,,,,,,,,0.008723999999999999,,,,-0.006956,,,
1995-03,,,0.024767,,,0.007202488132263873,,,,,,,,,,,,0.033445,,,,,,,,,-0.00507,,,,-0.0066749999999999995,,,
1995-04,,,0.019976,,,0.03429221517958814,,,,,,,,,,,,0.015605,,,,,,,,,0.042329,,,,0.014057,,,
1995-05,,,-0.006836,,,0.027655562539283363,,,,,,,,,,,,0.030844,,,,,,,,,0.034502000000000005,,,,0.008742,,,
1995-06,,,-0.009886,,,0.011467889908257423,,,,,,,,,,,,0.0068579999999999995,,,,,,,,,-0.002663,,,,0.03183,,,
1995-07,,,0.019421,,,0.03975812547241109,,,,,,,,,,,,0.004633,,,,,,,,,0.042738,,,,0.023749,,,
1995-08,,,0.017074,,,0.018028496656004478,,,,,,,,,,,,-0.012178,,,,,,,,,0.0066820000000000004,,,,0.008744,,,
1995-09,,,0.009521,,,0.004141673807483981,,,,,,,,,,,,0.018559000000000003,,,,,,,,,0.00104,,,,0.020985999999999998,,,
1995-10,,,0.008534,,,-0.014791637035982852,,,,,,,,,,,,0.011955,,,,,,,,,-0.010497000000000001,,,,0.008985,,,
1995-11,,,0.015624,,,0.029594340984552714,,,,,,,,,,,,0.011902,,,,,,,,,0.031094,,,,0.006919,,,
1995-12,,,0.052918,,,0.011918115535614504,,,,,,,,,,,,0.014445,,,,,,,,,0.018664,,,,0.039371,,,
1996-01,,,0.007189999999999999,,,0.022447000138561934,,0.0051,,,,,,,,,,-0.0038469999999999997,,,,,,,,,0.042572,,,,0.002916,,,
1996-02,,,0.021339,,,0.010706057731399765,,0.003757,,,,,,,,,,-0.009139000000000001,,,,,,,,,0.004494000000000001,,,,0.017822,,,
1996-03,,,0.047569999999999994,,,0.01649235720032216,,0.00381,,,,,,,,,,-0.0030570000000000003,,,,,,,,,0.013415999999999999,,,,0.025141,,,
1996-04,,,0.048975,,,0.03772589368157231,,0.004391,,,,,,,,,,-0.00461,,,,,,,,,0.034879,,,,0.058114,,,
1996-05,,,-0.004508,,,0.009660607601373217,,0.0035849999999999996,,,,,,,,,,0.00092,,,,,,,,,-0.003962,,,,0.001729,,,
1996-06,,,-0.0016619999999999998,,,0.011582525494145957,,0.003475,,,,,,,,,,0.011788,,,,,,,,,0.0067610000000000005,,,,-0.020177999999999998,,,
1996-07,,,-0.014191,,,-0.036589919103919955,,0.004066,,,,,,,,,,0.013012,,,,,,,,,-0.032551000000000004,,,,-0.026955,,,
1996-08,,,0.04853,,,0.022090169228781376,,0.003784,,,,,,,,,,0.0020180000000000003,,,,,,,,,0.030139,,,,0.033613,,,
1996-09,,,0.005091,,,0.030586450960566225,,0.003878,,,,,,,,,,0.010882000000000001,,,,,,,,,0.039683,,,,-0.020819,,,
1996-10,,,-0.013935999999999999,,,0.009320578857001882,,0.003588,,,,,,,,,,0.021884999999999998,,,,,,,,,0.005058,,,,-0.038108,,,
1996-11,,,0.055783,,,0.03147023086269751,,0.0033410000000000002,,,,,,,,,,0.015646,,,,,,,,,0.052492000000000004,,,,0.047946,,,
1996-12,,,0.013640000000000001,,,0.003416185652020065,,0.003735,,,,,,,,,,-0.0069489999999999994,,,,,,,,,0.017481,,,,0.004836,,,
1997-01,,,0.0064,,,0.01784456445174909,,0.0035970000000000004,,,,,,,,,,-0.016099000000000002,,,,,,,,,0.06614099999999999,,,,0.0038179999999999998,,,
1997-02,,,0.010483,,,0.019607843137255054,,0.0030819999999999997,,,,,,,,,,-0.004703,,,,,,,,,0.030099,,,,0.027583000000000003,,,
1997-03,,,0.020865,,,-0.0016968325791856254,,0.003653,,,,,,,,,,-0.009361000000000001,,,,,,,,,0.021411,,,,0.020036,,,
1997-04,,,0.007868,,,0.02039660056657233,,0.0035770000000000003,,,,,,,,,,0.002242,,,,,,,,,0.022327,,,,0.022085,,,
1997-05,,,0.014754,,,0.026762909494724818,,0.003451,,,,,,,,,,0.017737,,,,,,,,,0.027365,,,,-0.012065,,,
1997-06,,,-0.057474,,,0.03644819381354103,,0.003614,,,,,,,,,,0.010848,,,,,,,,,0.058011999999999994,,,,-0.051369,,,
1997-07,,,0.032463,,,0.05342794531983763,,0.003425,,,,,,,,,,0.00457,,,,,,,,,0.087366,,,,0.045499,,,
1997-08,,,-0.0010040000000000001,,,-0.030014858841010406,,0.003481,,,,,,,,,,-0.002265,,,,,,,,,-0.066317,,,,0.000297,,,
1997-09,,,0.011196,,,0.022773692810457602,,0.003889,,,,,,,,,,0.020268,,,,,,,,,0.082907,,,,-0.020339,,,
1997-10,,,0.003964,,,-0.028457314028956793,,0.003546,,,,,,,,,,0.018176,,,,,,,,,-0.07795200000000001,,,,0.015732,,,
1997-11,,,-0.039698000000000004,,,0.001747173689619519,,0.0035989999999999998,,,,,,,,,,-0.005439,,,,,,,,,0.030488,,,,-0.041086,,,
1997-12,,,-0.03993,,,0.009131014671180715,,0.004353,,,,,,,,,,0.001991,,,,,,,,,0.059544,,,,-0.045709,,,
1998-01,,,0.0036940000000000002,,,0.02287515250101646,,0.003558,,,,0.0159,,,,,,0.009498,,,,,,,,,0.055639,,,,0.001785,,,
1998-02,,,-0.04301,,,0.05128714839479187,,0.0034300000000000003,,,,0.023799999999999998,,,,,,0.005479,,,,,,,,,0.071057,,,,-0.047736,,,
1998-03,,,0.002896,,,0.04490876429989643,,0.00391,,,,0.0203,,,,,,-0.0025819999999999997,,,,,,,,,0.080396,,,,-0.008507,,,
1998-04,,,-0.013082,,,-0.00027144408251922325,,0.003479,,,,0.0011,,,,,,0.012426,,,,,,,,,0.000293,,,,-0.023923,,,
1998-05,,,-0.049252000000000004,,,0.0011765770657983232,,0.0034460000000000003,,,,-0.0277,,,,,,0.006977,,,,,,,,,0.023318,,,,-0.037391,,,
1998-06,,,-0.021463999999999997,,,0.006689567890074022,,0.0038229999999999996,,,,-0.0256,,,,,,0.001902,,,,,,,,,0.014086000000000001,,,,-0.012705,,,
1998-07,,,-0.060232,,,0.011224856321838894,,0.0036680000000000003,,,,0.0011,0.012544999999999999,,0.009446,0.012038,0.012658,0.005932,0.009407,,,,,,,0.009407,0.015504,,,,-0.06622,,2.71e-05,0.0019
1998-08,,,-0.06336,,,-0.09963591155314845,,0.003497,,,,-0.2576,0.01718,,0.009263,0.015323999999999999,0.018643,0.020959,0.009319,,,,,,,0.009319,-0.13748,,,,-0.052891,,2.71e-05,0.0019
1998-09,,,0.077585,,,-0.007542558437715896,,0.003515,,,,0.094,0.017598,,0.0074529999999999996,0.015421,0.018247,0.047380000000000005,0.007465,,,,,,,0.007465,-0.07752200000000001,,,,0.037158000000000004,,2.71e-05,0.0019
1998-10,,,-0.029742,,,0.03401014814769221,,0.003517,,,,0.06509999999999999,-0.002647,,0.004345,-0.000719,-0.004043,0.012785,0.0042899999999999995,,,,,,,0.0042899999999999995,0.077264,,,,0.006554,,2.71e-05,0.0019
1998-11,,,-0.07205199999999999,,,0.063759316174125,,0.003518,,,,0.067,0.014723,,0.007245000000000001,0.013471,0.016094999999999998,-0.006047,0.007572,,,,,,,0.007572,0.074566,,,,-0.044504999999999996,,2.71e-05,0.0019
1998-12,,,-0.03395,,,0.029042331720357417,,0.003747,,,,-0.011200000000000002,0.013627,,0.009097,0.012778000000000001,0.013819,0.015474000000000002,0.008960000000000001,,,,,,,0.008960000000000001,0.031152000000000003,,,,-0.042276,,2.71e-05,0.0019
1999-01,0.0059499999999999996,,-0.0043619999999999996,,,0.04920287360424136,0.002535,0.002711,,,,-0.0137,0.013595,,0.007919,0.012158,0.01405,-0.003971,0.007735,0.02733,,0.027450000000000002,0.0724,0.056479999999999995,,0.007735,0.017878,,-0.015075,,0.002314,,2.71e-05,0.0019
1999-02,-0.0015409999999999998,,-0.034843,,,-0.01924686192468672,0.002426,0.002381,,,,0.0048,-0.011466,,-0.00157,-0.009746,-0.012851,-0.029729000000000002,-0.00199,0.008274,,-0.015203,0.006136,0.006862,,-0.00199,0.004853,,0.009635,,-0.037683,,2.71e-05,0.0019
1999-03,0.006661,,0.095838,,,0.04180887372013653,0.0026939999999999998,0.002953,,,,0.0526,0.006568000000000001,,0.006219,0.007015,0.00645,0.0013469999999999999,0.006457000000000001,0.02791,,0.01943,0.075117,0.059000000000000004,,0.006457000000000001,0.019806,,0.132138,,0.052789,,2.71e-05,0.0019
1999-04,0.005984000000000001,,0.040428,,,0.028665028665028958,0.002297,0.002755,,,,0.053399999999999996,0.010824,,0.005897,0.011125000000000001,0.010998,-0.0010119999999999999,0.005849,0.050867,,0.048299,0.065343,0.060542,,0.005849,0.045674,,0.123651,,0.008409,,2.71e-05,0.0019
1999-05,0.000767,,-0.06145,,,-0.0207006369426751,0.002197,0.002223,,,,-0.050499999999999996,-0.005703000000000001,,0.0018729999999999999,-0.005231,-0.006515,-0.014565,0.002251,-0.034248,,-0.031138,-0.01709,-0.022726000000000003,,0.002251,-0.038242,,-0.00579,,-0.034952000000000004,,2.71e-05,0.0019
1999-06,-0.005334,,0.055886,,,0.02520325203252005,0.002132,0.002082,,,,0.0276,-0.017313000000000002,,-0.004709,-0.017429,-0.017809,-0.014518,-0.004773,0.028318,,0.038763,0.07275000000000001,0.058276,,-0.004773,0.030057,,0.11323,,0.005658,,2.71e-05,0.0019
1999-07,-0.0014119999999999998,,0.017588,,,0.0007930214115778877,0.002081,0.0022140000000000003,,,,-0.0152,-0.009086,,-0.001019,-0.008994,-0.00928,0.015381,-0.00094,-0.027484,,-0.039504000000000004,-0.045085,-0.039463,,-0.00094,-0.024586,,-0.027818,,0.001359,,2.71e-05,0.0019
1999-08,0.002156,,0.058007,,,0.0031695721077655836,0.002172,0.002396,,,,-0.0053,-0.001057,,0.001806,-0.001008,-0.001092,-0.00158,0.001976,0.023542,,0.03513,0.005449000000000001,0.011316,,0.001976,0.021623,,0.009425,,0.047267,,2.71e-05,0.0019
1999-09,0.000424,,0.052028,,,0.009478672985781866,0.002044,0.0021190000000000002,,,,0.026699999999999998,-0.003071,,0.0013,-0.002817,-0.003507,0.012309,0.001127,-0.015813,,-0.013106,-0.018895,-0.017921,,0.001127,-0.020668000000000002,,-0.03418,,0.02338,,2.71e-05,0.0019
1999-10,-0.002407,,-0.039636,,,0.03051643192488318,0.001982,0.001983,,,,0.0305,-0.0020399999999999997,,-0.001688,-0.0033589999999999996,-0.001655,-0.0014960000000000002,-0.001595,0.050506,,0.055244,0.072768,0.065748,,-0.001595,0.047325,,0.021131,,-0.022311,,2.71e-05,0.0019
1999-11,0.0032140000000000003,,0.023451,,,0.06529992406985596,0.002593,0.002893,,,,0.0225,0.005951,,0.00331,0.006475999999999999,0.006014,-0.010946000000000001,0.0033829999999999997,0.072003,,0.081745,0.073573,0.073083,,0.0033829999999999997,0.067182,,0.08972899999999999,,0.009831,,2.71e-05,0.0019
1999-12,0.000118,,0.028745,,,0.1104775481111906,0.002603,0.003215,,,,0.0313,-0.004291,,0.000568,-0.00431,-0.004834,-0.003421,0.000281,0.107496,,0.141488,0.075534,0.085724,,0.000281,0.102248,,0.127488,,0.017119,,2.71e-05,0.0019
2000-01,0.002878,,0.054215,,,-0.014120667522465102,0.002706,0.0026889999999999996,,,,-0.0146,-0.003916,,0.001095,-0.0035470000000000002,-0.004099,-0.017073,0.001217,-0.048435,,-0.037891,-0.02742,-0.034258000000000004,,0.001217,-0.055869999999999996,,0.005568,0.023397,0.036976,,2.71e-05,0.0019
2000-02,0.002899,,0.017483,,,0.08398437500000021,0.002635,0.002661,,,,0.04190000000000001,0.0059830000000000005,,0.003259,0.005681,0.00614,-0.001896,0.0030859999999999998,0.069191,,0.10869999999999999,-0.004937,0.018819,,0.0030859999999999998,0.070982,,0.013524000000000001,-0.007764,-0.003323,,2.71e-05,0.0019
2000-03,0.004635,,0.009691,,,-0.004204204204203976,0.00301,0.002942,,,,0.0171,0.014386000000000001,,0.004566,0.013515999999999999,0.015451,0.020011,0.004848,0.030413000000000003,,0.0033350000000000003,0.09850099999999999,0.075531,,0.004848,0.023665,,0.005409000000000001,-0.018752,0.018295,,2.71e-05,0.0019
2000-04,0.000312,,-0.012277,,,-0.05066344993968652,0.002821,0.0026950000000000003,,,,-0.0223,-0.000601,,0.00077,-0.002053,-0.000315,-0.024434,0.000835,0.003745,,-0.00133,0.006477,0.005578,,0.000835,-0.006947999999999999,,-0.09470200000000001,-0.014483,-0.015198,,2.71e-05,0.0019
2000-05,-0.002087,,0.067303,,,-0.04256670902160121,0.0035949999999999997,0.0035499999999999998,,,,-0.0235,0.000692,,-0.002432,-0.0018640000000000002,0.002044,0.0046300000000000004,-0.002503,-0.02545,,-0.019339,-0.050568999999999996,-0.042408,,-0.002503,-0.005358000000000001,,-0.041988000000000004,0.0013009999999999999,0.030549,,2.71e-05,0.0019
2000-06,0.0040160000000000005,,0.023599000000000002,,,0.03782349037823529,0.00358,0.0035759999999999998,,,,0.0415,0.003945000000000001,,0.004547,0.004099,0.003519,0.025354,0.004739999999999999,-0.011729,,-0.004868,0.005613,-4e-05,,0.004739999999999999,-0.006361,,0.033562,-0.018469,0.002238,,2.71e-05,0.0019
2000-07,0.00182,,-0.050099,,,-0.02877237851662351,0.003733,0.0038569999999999998,,,,0.0282,0.0035510000000000003,,0.001964,0.003219,0.003792,-0.009985,0.0017569999999999999,0.017950999999999998,,0.0036520000000000003,-0.000824,0.005237,,0.0017569999999999999,0.010925,,-0.051743,-0.015719,-0.029586,,2.71e-05,0.0019
2000-08,0.0031769999999999997,,0.098353,,,0.05398288347597191,0.0038050000000000002,0.003738,,,,0.030600000000000002,0.000774,,0.00292,0.000964,0.000393,-0.004417,0.002678,0.029971,,0.016862,0.098287,0.07600799999999999,,0.002678,0.025531,,0.004241,0.008275,0.048662000000000004,,2.71e-05,0.0019
2000-09,0.0064010000000000004,,-0.00621,,,-0.033104309806371024,0.0036720000000000004,0.0038030000000000004,,,,-0.0131,0.008074,,0.007107,0.01031,0.00762,0.002848,0.007183,-0.039691000000000004,,-0.042745,-0.049062999999999996,-0.046208,,0.007183,-0.047217,,-0.087431,-0.032367,0.000103,,2.71e-05,0.0019
2000-10,0.003397,,-0.024177,,,-0.024547803617570918,0.004249,0.004198,,,,-0.0204,0.004324,,0.00377,0.002157,0.0045190000000000004,-0.008133,0.003749,0.033225,,0.028057,0.019298,0.023541,,0.003749,0.025741,,-0.072584,0.017393000000000002,-0.010414000000000001,,2.71e-05,0.0019
2000-11,0.008708,,0.080417,,,-0.072847682119205,0.004030000000000001,0.004277,,,,-0.0042,0.014168,,0.008582,0.012613000000000001,0.014689,0.017191,0.008563,-0.064013,,-0.061216999999999994,-0.09514099999999999,-0.08554,,0.008563,-0.048998,,-0.087552,0.067482,0.038164,,2.71e-05,0.0019
2000-12,0.010447999999999999,,0.031995,,,0.022142857142857464,0.0038900000000000002,0.00419,,,,0.0371,0.014137,,0.0104,0.015176,0.013788,0.028797000000000003,0.010296000000000001,-0.008889000000000001,,-0.009113,-0.080964,-0.057927,,0.010296000000000001,-0.00046899999999999996,,0.024045,0.08850899999999999,0.006547,,2.71e-05,0.0019
2001-01,0.005909,,-0.023492000000000002,,,0.044025157232704615,0.004416,0.004481,0.005314333333333333,0.005730999999999999,0.006147666666666667,0.0438,0.008451,,0.006052999999999999,0.010882000000000001,0.007711,0.004805,0.00599,0.010031000000000002,0.14847,0.015163,0.038626,0.029005,0.0,0.00599,0.014301,0.03495,0.13757999999999998,0.00745,-0.030885,0.04402515723270439,2.71e-05,0.0019
2001-02,0.003526,,-0.004214,,,-0.051539491298527744,0.003866,0.003653,0.0044863333333333335,0.004903,0.005319666666666667,-0.0092,0.004919,,0.003431,0.00486,0.005006,0.0016439999999999998,0.003377,-0.07751999999999999,-0.068012,-0.088394,-0.072725,-0.074318,0.0,0.003377,-0.075639,-0.074023,-0.078377,0.0012920000000000002,-0.004043,-0.051539491298527536,2.71e-05,0.0019
2001-03,0.007223,,-0.042606000000000005,,,-0.024700070571630484,0.003982,0.004124,0.004957333333333333,0.005374,0.005790666666666666,-0.004699999999999999,0.008396,,0.007339,0.009012,0.008138,-0.020478999999999997,0.007174000000000001,-0.037317,-0.062372,-0.038525000000000004,-0.02379,-0.028229,0.0,0.007174000000000001,-0.045402,-0.030135000000000002,-0.09867200000000001,0.053392999999999996,-0.053204,-0.02470007057163026,2.71e-05,0.0019
2001-04,-0.004544,,0.035184,,,0.04775687409551388,0.004422,0.0037619999999999997,0.004595333333333333,0.005012,0.005428666666666666,-0.0021,-0.011149,,-0.003948,-0.007863,-0.012341999999999999,-0.001206,-0.004221,0.067981,0.046273,0.07775800000000001,0.071894,0.070624,0.0,-0.004221,0.06758,0.06932,0.049293,-0.042716000000000004,0.030501999999999998,0.04775687409551388,2.71e-05,0.0019
2001-05,0.008421999999999999,-0.020309,-0.02097,,,-0.015193370165745512,0.004035,0.0043219999999999995,0.005155333333333333,0.005571999999999999,0.0059886666666666664,0.027999999999999997,0.003679,,0.007944,0.006626999999999999,0.002646,0.001874,0.007771,-0.005039,0.058074,-0.021987999999999997,0.050208,0.032325,0.0,0.007771,-0.017723,0.033676,0.011578,0.010557,-0.0192,-0.015193370165745956,2.71e-05,0.0019
2001-06,0.005264,-0.039226000000000004,-0.039881,,,-0.018934081346423604,0.0036620000000000003,0.0036680000000000003,0.004501333333333333,0.0049180000000000005,0.005334666666666666,0.019299999999999998,0.008268,,0.005941999999999999,0.00887,0.008265,-0.007013,0.0058709999999999995,-0.036607,-0.019676,-0.037707000000000004,-0.027384,-0.030275,0.0,0.0058709999999999995,-0.033663,-0.029727,-0.020877,-0.011894,-0.02751,-0.018934081346423492,2.71e-05,0.0019
2001-07,0.006382,0.014256,0.01302,,,-0.01429592566118687,0.004022,0.003952,0.004785333333333333,0.005202,0.005618666666666666,-0.0264,0.014303,,0.006612,0.013958,0.014771000000000001,0.022911,0.006359,-0.030057999999999998,-0.094027,-0.028046,-0.052244,-0.045389,0.0,0.006359,-0.024259,-0.047911999999999996,-0.06364,-0.007299,0.0046760000000000005,-0.014295925661186537,2.71e-05,0.0019
2001-08,0.007463,0.000479,-0.00043599999999999997,,,-0.01087744742567065,0.003886,0.0039889999999999995,0.004822333333333333,0.005239000000000001,0.0056556666666666665,0.0381,0.009906,,0.007469,0.009795,0.0098,0.030102000000000004,0.007271,-0.061845,-0.046425,-0.072937,-0.092902,-0.083147,0.0,0.007271,-0.055016999999999996,-0.08135400000000001,-0.010026,0.018357000000000002,-0.008001000000000001,-0.010877447425670761,2.71e-05,0.0019
2001-09,0.009396999999999999,-0.067378,-0.067457,,,-0.04252199413489766,0.003124,0.003866,0.004699333333333333,0.005116000000000001,0.005532666666666667,-0.024399999999999998,0.006135000000000001,,0.008871,-0.0021190000000000002,0.007229,0.007759,0.009711,-0.102118,-0.157098,-0.128383,-0.08518700000000001,-0.090602,0.0,0.009711,-0.107044,-0.09394999999999999,-0.154915,0.015962,-0.075021,-0.04252199413489743,2.71e-05,0.0019
2001-10,0.009157,-0.045841,-0.047466,,,0.023736600306278666,0.003649,0.003418,0.004251333333333333,0.004668,0.005084666666666666,0.0178,0.023317,,0.009605,0.020959,0.024822,0.009037,0.009362,0.043244,0.073797,0.055854,0.024426,0.030411999999999998,0.0,0.009362,0.042568999999999996,0.032433000000000003,0.06201399999999999,0.037054000000000004,-0.025257,0.023736600306278666,2.71e-05,0.0019
2001-11,-0.0005059999999999999,0.009066999999999999,0.007724999999999999,,,0.026925953627523924,0.002949,0.003063,0.0038963333333333332,0.004313,0.004729666666666667,0.008,-0.004548,,-0.000725,-0.001059,-0.005167000000000001,-0.011621999999999999,-0.000422,0.046359000000000004,0.110938,0.055964,0.074322,0.065334,0.0,-0.000422,0.05118,0.067549,0.104327,-0.07641200000000001,0.008967000000000001,0.02692595362752459,2.71e-05,0.0019
2001-12,-0.000835,-0.018044,-0.019699,,,0.008011653313910516,0.002875,0.002963,0.0037963333333333334,0.004213,0.0046296666666666665,0.0111,-0.011859,,-0.001083,-0.01083,-0.012752,-0.020899,-0.001181,0.031311,0.085305,0.033875999999999996,0.003431,0.011777,0.0,-0.001181,0.021543999999999997,0.014759,0.079309,0.025663000000000002,-0.020518,0.008011653313911182,2.71e-05,0.0019
2002-01,-0.000613,-0.0052,-0.006725,,,-0.005780346820808857,0.0028899999999999998,0.002807,0.003640333333333333,0.004057,0.004473666666666667,0.0182,0.005679,,0.00023300000000000003,0.0078000000000000005,0.005737,-0.008983999999999999,8.4e-05,-0.019777,0.069164,-0.023577,0.012757000000000001,0.002832,-0.019017,8.4e-05,-0.022307999999999998,0.005716,0.033742,-0.005092,-0.010062999999999999,-0.005780346820809301,2.71e-05,0.0019
2002-02,0.003612,0.027063,0.025913,,,-0.014534883720929703,0.002551,0.002611,0.003444333333333333,0.003861,0.004277666666666667,0.0322,0.0015890000000000001,,0.003382,0.001127,0.0013059999999999999,0.006721,0.003463,-0.004903,0.011394999999999999,-0.009984,-0.017145,-0.013493,-0.00908,0.003463,-0.00398,-0.012346,0.016211,-0.021227,0.002973,-0.014534883720930258,2.71e-05,0.0019
2002-03,-0.0026590000000000003,0.10337400000000001,0.10225300000000001,,,0.02728613569321503,0.002623,0.00266,0.003493333333333333,0.00391,0.004326666666666666,0.0024,-0.009136,,-0.002505,-0.005578,-0.009936,-0.005909,-0.002441,0.045249,0.050848000000000004,0.049722999999999996,0.030882,0.035188000000000004,0.040644,-0.002441,0.045362,0.03594,0.059842000000000006,0.000958,0.038855,0.027286135693215474,2.71e-05,0.0019
2002-04,0.008017,0.001242,5.999999999999999e-06,,,-0.00789662598707852,0.002944,0.00308,0.003913333333333333,0.00433,0.004746666666666666,0.014199999999999999,0.010543,,0.007682,0.008095999999999999,0.010963,0.029594999999999996,0.007423999999999999,-0.039241,-0.025642,-0.047412,-0.075851,-0.064759,-0.043798000000000004,0.007423999999999999,-0.036095999999999996,-0.062885,0.00641,-0.015350999999999998,-0.027851,-0.00789662598707841,2.71e-05,0.0019
2002-05,0.0009080000000000001,-0.013625,-0.015378000000000001,,,-0.005065123010130401,0.002853,0.002872,0.003705333333333333,0.004122,0.0045386666666666665,-0.0006,0.001647,,0.001158,0.001977,0.0016350000000000002,0.02243,0.001005,-0.038432,-0.051077000000000004,-0.038529,-0.031823000000000004,-0.033871000000000005,-0.009765000000000001,0.001005,-0.027970000000000002,-0.034732,-0.016175,0.037105,0.001595,-0.005065123010130179,2.71e-05,0.0019
2002-06,0.008765,0.020525,0.019397,,,-0.03781818181818164,0.0025979999999999996,0.002711,0.0035443333333333334,0.003961,0.004377666666666666,-0.0325,0.015106999999999999,,0.008531,0.008546,0.016942,0.034816,0.008952,-0.08686500000000001,-0.125246,-0.081535,-0.121944,-0.111579,-0.073891,0.008952,-0.081482,-0.112092,-0.075292,0.072208,0.028906,-0.03781818181818175,2.71e-05,0.0019
2002-07,0.009361000000000001,-0.0045390000000000005,-0.005417,,,-0.04308390022675734,0.003035,0.0031869999999999997,0.004020333333333333,0.004437,0.004853666666666666,-0.0308,0.013600000000000001,,0.00884,0.00797,0.014690000000000002,0.008998,0.008872,-0.104739,-0.069671,-0.135396,-0.06585,-0.077656,-0.08419499999999999,0.008872,-0.11595000000000001,-0.077364,-0.076447,0.027139000000000003,0.020846,-0.04308390022675745,2.71e-05,0.0019
2002-08,0.005830999999999999,0.041177,0.039402,,,0.011058451816745807,0.002747,0.002803,0.003636333333333333,0.004053,0.004469666666666666,0.0572,0.013496999999999999,,0.006226000000000001,0.014394,0.013560000000000001,0.016318,0.006163999999999999,-0.000486,0.014978,0.008231,0.002205,0.0014080000000000002,0.002621,0.006163999999999999,0.004588,0.001915,0.015281,0.0212,0.02519,0.011058451816745807,2.71e-05,0.0019
2002-09,0.009522000000000001,0.039601000000000004,0.03766,,,-0.021874999999999867,0.002852,0.0028970000000000003,0.0037303333333333333,0.0041470000000000005,0.004563666666666667,-0.012,0.018236000000000002,,0.009858,0.015503,0.018964,0.011049999999999999,0.009802,-0.138193,-0.114743,-0.175275,-0.108045,-0.116905,-0.10885600000000001,0.009802,-0.142376,-0.116803,-0.107924,0.021111,0.029943,-0.021874999999999978,2.71e-05,0.0019
2002-10,0.002505,-0.008641,-0.010316,,,0.016773162939297537,0.002846,0.002832,0.0036653333333333334,0.004082,0.0044986666666666664,0.04650000000000001,-0.005325,,0.001563,-0.008785,-0.005082,-0.002848,0.002346,0.094386,0.06277300000000001,0.126774,0.062254,0.071467,0.074779,0.002346,0.09788000000000001,0.071124,0.06497,-0.033426,0.006339,0.016773162939297093,2.71e-05,0.0019
2002-11,0.002465,0.004418,0.002835,,,0.04320502749410893,0.002662,0.0027289999999999997,0.0035623333333333327,0.003979,0.004395666666666667,0.0279,0.006437000000000001,,0.0034100000000000003,0.011822999999999998,0.005193,0.002616,0.002663,0.04441900000000001,0.064039,0.060896,0.050967000000000005,0.049048,0.054361,0.002663,0.049199,0.049613,0.06881999999999999,-0.023173,-0.001325,0.04320502749410848,2.71e-05,0.0019
2002-12,0.009665,0.05085,0.048966,,,-0.006777108433734913,0.0027800000000000004,0.002899,0.003732333333333333,0.004149,0.004565666666666667,0.025699999999999997,0.019328,,0.009796000000000001,0.019703,0.019748,0.040533,0.009337,-0.086447,-0.083614,-0.09713200000000001,-0.102969,-0.098138,-0.06111900000000001,0.009337,-0.080997,-0.09756500000000001,-0.033263,0.046127,-0.001754,-0.006777108433735024,2.71e-05,0.0019
2003-01,0.00482,0.078828,0.076974,,,0.015921152388173487,0.002405,0.002505,0.0033383333333333333,0.003755,0.004171666666666667,0.0141,0.010910999999999999,,0.005284,0.010885,0.011195,0.011238,0.0049440000000000005,-0.068698,-0.026753,-0.054458,-0.04530700000000001,-0.05223900000000001,-0.035381,0.0049440000000000005,-0.066296,-0.051220999999999996,-0.00441,0.049185999999999994,0.048757,0.01592115238817282,2.71e-05,0.0019
2003-02,0.006919,0.034843,0.033648,,,-0.00223880597014936,0.002159,0.002402,0.0032353333333333336,0.003652,0.004068666666666667,0.026000000000000002,0.011162,,0.007128,0.010861,0.010961,0.012931999999999999,0.0069830000000000005,-0.036496,-0.031987999999999996,-0.045358,-0.015229,-0.021421000000000003,-0.015608,0.0069830000000000005,-0.019557,-0.021852,-0.028096999999999997,0.046861,0.020194999999999998,-0.00223880597014936,2.71e-05,0.0019
2003-03,0.00038199999999999996,-0.074954,-0.075449,,,0.0029917726252799426,0.002353,0.002208,0.003041333333333333,0.003458,0.0038746666666666665,0.0095,-0.00247,,0.0006569999999999999,-0.000906,-0.002924,0.002497,0.000552,-0.027017000000000003,-0.040485,-0.042832999999999996,-0.01093,-0.015544,-0.004557,0.000552,-0.022289,-0.016551,-0.028558,-0.05537,-0.07370499999999999,0.0029917726252806087,2.71e-05,0.0019
2003-04,0.002091,-0.005104999999999999,-0.006227,,,0.03206562266964896,0.002142,0.002101,0.002934333333333333,0.0033510000000000002,0.003767666666666667,0.053,0.002673,,0.002353,0.009859,0.0010680000000000002,0.012827,0.0017330000000000002,0.10965299999999999,0.064737,0.13653600000000002,0.046516,0.064431,0.082141,0.0017330000000000002,0.11720599999999999,0.064436,0.08892699999999999,0.016188,-0.012849,0.03206562266964963,2.71e-05,0.0019
2003-05,0.007782,0.059481,0.058457999999999996,,,0.028179190751445038,0.002105,0.002302,0.0031353333333333333,0.0035519999999999996,0.003968666666666666,0.0391,0.021778,,0.008826,0.021253,0.02253,0.035545,0.008413,0.010405,0.0167,0.014628,-0.000273,0.002888,0.041368999999999996,0.008413,0.022503000000000002,0.003438,0.071497,0.054044999999999996,0.05504,0.028179190751445038,2.71e-05,0.0019
2003-06,0.002514,-0.02395,-0.024724,,,0.0056219255094858145,0.001923,0.002065,0.0028983333333333335,0.0033150000000000002,0.0037316666666666666,0.0015,0.00018999999999999998,,0.0027189999999999996,0.0033410000000000002,-0.000687,-0.010843,0.002495,0.034077,0.08226599999999999,0.038121999999999996,0.044957000000000004,0.041798,0.021759,0.002495,0.024192,0.043368000000000004,0.056688,-0.014233,-0.023594,0.005621925509486925,2.71e-05,0.0019
2003-07,-0.003737,0.007064,0.006014,,,0.0062893081761006275,0.0018,0.001869,0.002702333333333333,0.0031190000000000002,0.003535666666666667,-0.0317,-0.01436,,-0.003549,-0.009953,-0.015590999999999999,-0.029137,-0.003811,0.040979999999999996,0.083693,0.045774,0.040802,0.040852000000000006,0.029411,-0.003811,0.042714,0.042588999999999995,0.062183,-0.012894000000000001,0.024343,0.0062893081761006275,2.71e-05,0.0019
2003-08,-0.000313,0.04063,0.039492,,,0.01180555555555518,0.0017150000000000002,0.00169,0.0025233333333333336,0.0029400000000000003,0.0033566666666666667,0.022099999999999998,0.002022,,0.000297,0.002262,0.002318,-0.002288,7.8e-05,0.023251,0.093793,0.025312,0.056823,0.047215,0.025439,7.8e-05,0.019215,0.04914399999999999,0.066917,0.021265,0.043795,0.011805555555555403,2.71e-05,0.0019
2003-09,0.008549,0.001343,0.0008359999999999999,,,0.007549759780370868,0.001809,0.0019320000000000001,0.0027653333333333336,0.0031820000000000004,0.0035986666666666667,0.0333,0.015390999999999998,,0.008712,0.016865,0.015244,0.048061999999999994,0.008431,-0.038054000000000004,-0.050368,-0.054695999999999995,-0.056813,-0.051554,-0.014459999999999999,0.008431,-0.03511,-0.051508000000000005,0.0072829999999999995,-0.005442,-0.0060940000000000005,0.007549759780370868,2.71e-05,0.0019
2003-10,-0.004161000000000001,0.048773,0.047756999999999994,,,0.023841961852860916,0.0017439999999999999,0.00181,0.002643333333333333,0.00306,0.003476666666666667,0.0034999999999999996,-0.01209,,-0.0040550000000000004,-0.009518,-0.012891,-0.005578,-0.00418,0.068779,0.086994,0.076203,0.05806,0.061106,0.055106,-0.00418,0.060992,0.062249,0.085082,0.022397,0.053731999999999995,0.023841961852861138,2.71e-05,0.0019
2003-11,-6.6e-05,-0.0031090000000000002,-0.003148,,,0.00731869594144996,0.0015140000000000002,0.001658,0.0024913333333333332,0.002908,0.0033246666666666667,0.010700000000000001,-0.002442,,0.00046899999999999996,-0.000661,-0.002953,0.013028,0.00031099999999999997,0.011080000000000001,-0.018398,0.020257,-0.026241,-0.01554,0.007073,0.00031099999999999997,0.017337,-0.015664,0.012168000000000002,-0.00202,0.012974000000000001,0.007318695941450404,2.71e-05,0.0019
2003-12,0.007611,0.07442700000000001,0.073755,,,0.019154557463672894,0.001907,0.0020150000000000003,0.0028483333333333334,0.003265,0.0036816666666666664,0.0276,0.012351,,0.006634,0.011966000000000001,0.012601,0.032671,0.007072,0.028372,0.019147,0.034653,0.002134,0.009877,0.043941999999999995,0.007072,0.03343,0.010294000000000001,0.072407,0.032872,0.004884,0.01915455746367245,2.71e-05,0.0019
2004-01,0.003675,0.018448,0.018130999999999998,,,0.018794556059623657,0.00169,0.0017749999999999999,0.002608333333333333,0.003025,0.0034416666666666662,0.0066,0.00605,,0.00392,0.005707,0.006138,0.003733,0.003781,0.02721,0.050786,0.032875,0.033521999999999996,0.03163,0.01753,0.003781,0.016573,0.032482000000000004,0.034921,0.009793,0.025266999999999998,0.01879455605962388,2.71e-05,0.0019
2004-02,0.007113,0.065824,0.064882,,,0.010178117048346147,0.001582,0.001647,0.002480333333333333,0.0028970000000000003,0.003313666666666667,0.0063,0.013489,,0.007007,0.01348,0.013554,0.005152,0.0066879999999999995,0.02912,0.045690999999999996,0.018944000000000003,0.011223,0.016579999999999998,0.018126,0.0066879999999999995,0.023085,0.017942,0.045857,0.040532000000000006,0.054381000000000006,0.010178117048346147,2.71e-05,0.0019
2004-03,0.004472,0.030714,0.030876999999999998,,,0.005667506297229119,0.001837,0.001938,0.0027713333333333335,0.003188,0.0036046666666666666,0.026699999999999998,0.009502,,0.0044800000000000005,0.009774,0.009578,0.011076999999999998,0.004275999999999999,-0.020446,0.023702,-0.028649,0.01513,0.004354,-0.008424000000000001,0.004275999999999999,-0.022553999999999998,0.005292,0.012498,-0.009181,0.028395,0.005667506297229119,2.71e-05,0.0019
2004-04,-0.003339,-0.017552,-0.017737,,,-0.015654351909831,0.00172,0.001606,0.0024393333333333333,0.0028559999999999996,0.0032726666666666663,-0.0507,-0.009744000000000001,,-0.0032519999999999997,-0.007934,-0.010421,-0.036564,-0.003346,0.016655,-0.058789,0.011126,-0.001045,0.004155,-0.003671,-0.003346,0.019923,0.001067,-0.08188100000000001,-0.039018000000000004,-0.016321000000000002,-0.015654351909830888,2.71e-05,0.0019
2004-05,-0.0008359999999999999,0.017669999999999998,0.016955,,,-0.0031806615776084346,0.0017330000000000002,0.001776,0.0026093333333333333,0.0030259999999999996,0.003442666666666667,-0.016,-0.002519,,0.0005369999999999999,-0.002431,-0.0026829999999999996,0.0049,0.000458,-0.002398,-0.037933,-0.005048,-0.012357,-0.009405,0.001943,0.000458,-0.009568,-0.010712999999999999,-0.019950000000000002,-0.01498,0.0074860000000000005,-0.0031806615776081015,2.71e-05,0.0019
2004-06,0.00226,-0.040933000000000004,-0.041462000000000006,,,0.007657945118059839,0.0016950000000000001,0.0017299999999999998,0.002563333333333333,0.00298,0.0033966666666666668,0.014499999999999999,0.002732,,0.001018,0.002687,0.0029310000000000004,0.0029230000000000003,0.000991,0.017123,0.007977,0.027625999999999998,0.027280000000000002,0.024307,0.021652,0.000991,0.019684999999999998,0.023544,0.004259,-0.024698,-0.040679,0.007657945118060061,2.71e-05,0.0019
2004-07,0.004108,0.018052,0.017667,,,-0.017732742241925448,0.001719,0.001756,0.0025893333333333337,0.003006,0.0034226666666666667,0.030299999999999997,0.008983,,0.00436,0.009146,0.009170000000000001,-0.000207,0.004114,-0.017263999999999998,-0.00795,-0.028399,-0.024575,-0.02244,-0.028818,0.004114,-0.020625,-0.021783999999999998,-0.018305000000000002,-0.00666,-0.005132,-0.017732742241925337,2.71e-05,0.0019
2004-08,0.005489000000000001,-0.01812,-0.018226,0.017542,,0.0019342359767886563,0.001812,0.00188,0.0027133333333333332,0.00313,0.0035466666666666667,0.0382,0.013216,,0.005797,0.014215,0.013284,0.021887,0.005463,-0.008746,0.03175,-0.011946000000000002,-0.003447,-0.004991,0.0018909999999999999,0.005463,-0.001648,-0.0032990000000000003,0.041469,-0.012838,-0.009434,0.0019342359767893225,2.71e-05,0.0019
2004-09,0.0009379999999999999,0.068523,0.068466,0.012896000000000001,0.000794,0.009652509652509522,0.001707,0.0017460000000000002,0.0025793333333333337,0.002996,0.0034126666666666667,0.0159,0.004103,,0.0010199999999999999,0.004727,0.004132,0.011817,0.000906,0.017754000000000002,0.034948,0.02241,-0.011437,-0.002984,0.012868,0.000906,0.023991,-0.001193,0.057694999999999996,0.0036009999999999996,0.040751,0.009652509652509744,2.71e-05,0.0019
2004-10,0.004255999999999999,0.01671,0.016922,0.013753999999999999,0.015761,0.002549394518801318,0.001704,0.001691,0.0025243333333333333,0.0029410000000000005,0.003357666666666667,0.0155,0.009096,,0.004583,0.008248,0.009386,0.023954,0.004524,0.011612,-0.000286,0.026993,-0.004497,0.000268,0.012305,0.004524,0.014178999999999999,0.000242,0.023893,0.028924,0.0037990000000000003,0.002549394518801762,2.71e-05,0.0019
2004-11,0.003518,-0.01214,-0.011977999999999999,0.02062,0.057675000000000004,0.02225047679593173,0.0018559999999999998,0.001875,0.002708333333333333,0.003125,0.0035416666666666665,0.0069,0.010517,,0.003755,0.010021,0.011103,0.026497000000000003,0.0037530000000000003,0.027326000000000003,0.045711,0.028647,-0.0011749999999999998,0.007389,0.032348,0.0037530000000000003,0.026421,0.009284,0.092573,0.038189,-0.00396,0.022250476795931284,2.71e-05,0.0019
2004-12,0.00089,-0.04937299999999999,-0.049106,0.009972,0.0012920000000000002,0.01679104477611948,0.001759,0.001906,0.002739333333333333,0.003156,0.0035726666666666663,0.022799999999999997,0.00612,,0.000852,0.005587,0.006670000000000001,0.015322,0.000673,0.019191,0.024741,0.028131,0.013274999999999999,0.015106999999999999,0.032775,0.000673,0.028462,0.015608,0.048028,0.004217,-0.026272000000000004,0.016791044776119257,2.71e-05,0.0019
2005-01,0.003707,0.009953,0.010434,0.006562,0.0025800000000000003,-0.010397553516819369,0.001787,0.0018640000000000002,0.0026973333333333333,0.003114,0.0035306666666666663,0.006500000000000001,0.011532,,0.003855,0.010701,0.012580000000000001,-0.010524,0.0037359999999999997,0.023399999999999997,0.045378999999999996,0.020038,0.017383,0.019255,-0.010591,0.0037359999999999997,0.015202,0.020611,0.00254,-0.026328,0.009821,-0.01039755351681948,2.71e-05,0.0019
2005-02,0.000557,0.069576,0.070645,0.015148,0.0016539999999999999,0.004944375772558018,0.001603,0.0016669999999999999,0.002500333333333333,0.0029169999999999995,0.0033336666666666666,0.0063,-0.004724,,0.000588,-0.0017230000000000001,-0.005717,0.001904,0.000372,0.031202999999999998,0.06775199999999999,0.028256999999999997,0.0050360000000000005,0.013181,0.024504,0.000372,0.029167000000000002,0.016104,0.087248,0.010302,0.062534,0.0049443757725586845,2.71e-05,0.0019
2005-03,0.0027900000000000004,0.034272,0.035651999999999996,-0.016798999999999998,0.002202,-0.011070110701107527,0.001771,0.001828,0.0026613333333333333,0.0030779999999999996,0.0034946666666666663,-0.0245,0.005024999999999999,,0.002542,0.001478,0.005849999999999999,-0.012098,0.002828,-0.004406,-0.046184,-0.003408,0.004219,0.001483,-0.010699,0.002828,-0.004037,-0.0011899999999999999,-0.06608699999999999,0.0031730000000000005,0.027114,-0.011070110701106861,2.71e-05,0.0019
2005-04,0.006128,-0.059017999999999994,-0.058346,-0.004503,0.018494999999999998,-0.01803482587064653,0.0016719999999999999,0.001732,0.0025653333333333335,0.0029820000000000003,0.0033986666666666666,0.0123,0.013392,,0.006193,0.010144,0.014384,0.013087,0.006308,-0.018774,-0.020280999999999997,-0.033307,-0.013568,-0.015191,-0.023496000000000003,0.006308,-0.025604000000000002,-0.015466,-0.026844999999999997,-0.020064000000000002,-0.045959,-0.018034825870646753,2.71e-05,0.0019
2005-05,0.0036820000000000004,-0.008697,-0.007762,0.002115,0.002539,0.01456618112729502,0.001843,0.001883,0.002716333333333333,0.0031330000000000004,0.0035496666666666667,0.027000000000000003,0.010311999999999998,,0.004235,0.008717,0.010934999999999999,-0.013397,0.003982,0.049219,0.081902,0.05702,0.070836,0.06408900000000001,0.035823,0.003982,0.049689,0.06504,0.034808,0.014565,-0.009478,0.014566181127295685,2.71e-05,0.0019
2005-06,0.004133,0.016200000000000003,0.016833,0.018493,0.002081,0.015605493133582948,0.0017180000000000001,0.001771,0.0026043333333333335,0.0030210000000000002,0.0034376666666666666,0.018500000000000003,0.010644,,0.004304,0.010366,0.010963,-0.004485,0.00426,0.033958,0.054558999999999996,0.03678,0.026476000000000003,0.028731,0.016354999999999998,0.00426,0.034942,0.030202,0.033975,0.019216999999999998,0.009260000000000001,0.015605493133582948,2.71e-05,0.0019
2005-07,-0.001919,0.044093,0.044832000000000004,0.016819,0.001986,0.023970497848801786,0.001671,0.001688,0.0025213333333333333,0.002938,0.003354666666666667,-0.0015,-0.004071,,-0.001502,-0.001903,-0.004651,-0.008007,-0.0017549999999999998,0.033003,0.066375,0.044216,0.030872999999999998,0.031522,0.036695000000000005,-0.0017549999999999998,0.041323,0.033568,0.069898,-0.0013900000000000002,0.035834000000000005,0.023970497848801564,2.71e-05,0.0019
2005-08,0.002857,0.07411,0.07548,0.010797000000000001,0.003333,-0.0018007202881151763,0.001899,0.0019470000000000002,0.0027803333333333334,0.0031969999999999998,0.0036136666666666665,0.0173,0.009328,,0.002885,0.008601,0.009922,0.016458999999999998,0.002857,0.0023699999999999997,-0.003899,-0.009170000000000001,-0.008102,-0.004915,7.3e-05,0.002857,-0.002111,-0.004857,0.008563,0.00031800000000000003,0.044208,-0.0018007202881151763,2.71e-05,0.0019
2005-09,-0.000585,0.045167,0.046526,0.006585,0.031966,0.021046301864101835,0.0017419999999999998,0.0017499999999999998,0.002583333333333333,0.003,0.003416666666666667,0.0163,-0.0009239999999999999,,-0.000724,-0.000825,-0.000844,-0.01592,-0.000877,0.044822,0.11505000000000001,0.047372,0.047343,0.046563,0.032292,-0.000877,0.043898,0.050762999999999996,0.093115,0.016236999999999998,0.019056,0.021046301864100947,2.71e-05,0.0019
2005-10,-0.002157,-0.064402,-0.06284,-2.8e-05,0.002784,-0.01531213191990577,0.0017879999999999999,0.001798,0.002631333333333333,0.0030479999999999995,0.0034646666666666662,-0.016200000000000003,-0.010188,,-0.0022789999999999998,-0.009704,-0.010556000000000001,-0.014886,-0.002194,-0.025099,-0.059194000000000004,-0.032889,-0.014624,-0.017819,-0.020135,-0.002194,-0.027527,-0.020519,-0.065362,0.001585,-0.042096,-0.01531213191990588,2.71e-05,0.0019
2005-11,-0.000178,0.001065,0.002583,0.005646,0.002343,0.020334928229665206,0.0017410000000000001,0.001683,0.002516333333333333,0.002933,0.003349666666666666,0.0128,-0.000775,,-0.000603,-0.000838,-0.000698,-0.007098,-0.000513,0.033073,0.099991,0.039451,0.057062,0.049791999999999996,0.041495,-0.000513,0.03613,0.052941,0.08272399999999999,0.026898,0.004262,0.020334928229665206,2.71e-05,0.0019
2005-12,0.001429,0.030299,0.031884,0.007305000000000001,0.0030299999999999997,0.017584994138335475,0.0018729999999999999,0.002051,0.0028843333333333334,0.003301,0.003717666666666667,0.0148,0.007895,,0.001356,0.004097,0.009356,0.009871999999999999,0.0013930000000000001,0.034661,0.058565,0.039326,0.016124,0.021639,0.020631,0.0013930000000000001,0.037667,0.024077,0.059107,-0.011576999999999999,0.045737,0.017584994138335253,2.71e-05,0.0019
2006-01,0.000825,0.016923,0.018494999999999998,0.016177999999999998,0.010356,0.035138248847925935,0.002074,0.002173,0.003006333333333333,0.003423,0.0038396666666666666,0.0113,-0.0060360000000000006,,0.000987,-0.0038329999999999996,-0.006895,0.012614,0.0010249999999999999,0.03485,0.079883,0.040843,0.006111,0.014755,0.030703,0.0010249999999999999,0.032402,0.0192,0.111696,0.009035999999999999,0.049566,0.03513824884792616,2.71e-05,0.0019
2006-02,0.001256,-0.06425399999999999,-0.062603,0.003367,0.0020499999999999997,0.003895381190873959,0.0018290000000000001,0.0018360000000000002,0.0026693333333333335,0.0030859999999999998,0.0035026666666666665,0.0192,0.00136,,0.0012939999999999998,0.000607,0.0015509999999999999,-0.0035470000000000002,0.001243,0.019338,0.017286,0.028267,0.01594,0.016982,0.002272,0.001243,0.019274,0.016995,-0.001187,-0.006058,-0.041491,0.003895381190873737,2.71e-05,0.0019
2006-03,-0.001585,0.020127000000000003,0.022242,0.005142,0.006734,0.008314855875830807,0.002167,0.002193,0.003026333333333333,0.003443,0.0038596666666666666,-0.0177,-0.012763,,-0.001984,-0.010561000000000001,-0.013732,-0.009913,-0.0018260000000000001,0.023485,-0.006111,0.028436,-0.000495,0.006871,0.023149000000000003,-0.0018260000000000001,0.033392,0.0059299999999999995,0.008809,0.022375,0.017337,0.008314855875831473,2.71e-05,0.0019
2006-04,0.000979,0.06605699999999999,0.067799,0.005600000000000001,0.002879,0.008796041781198749,0.002045,0.0021349999999999997,0.0029683333333333332,0.0033850000000000004,0.0038016666666666667,-0.0019,-0.006638,,0.0012360000000000001,-0.003408,-0.007778,0.018929,0.0012439999999999999,0.009772,0.029116,0.001384,-0.019159,-0.010128,0.008085,0.0012439999999999999,0.00565,-0.007312,0.071214,0.024171,0.07359,0.008796041781198527,2.71e-05,0.0019
2006-05,0.00318,0.006713,0.009566,0.0008210000000000001,0.00373,-0.018528610354223707,0.002366,0.0025009999999999998,0.0033343333333333332,0.003751,0.004167666666666666,-0.019799999999999998,0.0031130000000000003,,0.003261,0.003304,0.002954,0.012898,0.0031430000000000004,-0.04639,-0.122073,-0.047911,-0.055795000000000004,-0.05280700000000001,-0.044608999999999996,0.0031430000000000004,-0.050072,-0.057969,-0.104789,-0.015313,0.018771,-0.018528610354223485,2.71e-05,0.0019
2006-06,0.00013,-0.018491,-0.015537,-0.0032619999999999997,0.0030399999999999997,0.002220988339810992,0.002231,0.0023480000000000003,0.0031813333333333333,0.003598,0.004014666666666666,-0.005699999999999999,-0.00331,,-0.000107,-0.004795,-0.002993,-0.007945,0.0,0.007801,0.002079,0.005226,0.002614,0.004241,0.004143,0.0,0.010799000000000001,0.004099,-0.002445,-0.013776,-0.00642,0.002220988339811214,2.71e-05,0.0019
2006-07,0.0038840000000000003,0.030002,0.032101000000000005,0.012071,0.003536,0.0077562326869804465,0.002431,0.002509,0.0033423333333333334,0.003759,0.004175666666666666,0.029500000000000002,0.010569,,0.0042309999999999995,0.010361,0.010857,0.009962,0.004079999999999999,0.017238,0.016104,0.01052,0.0040479999999999995,0.008208,0.004516,0.004079999999999999,0.013255999999999999,0.008796,0.014114999999999999,-0.020097999999999998,0.016837,0.007756232686980669,2.71e-05,0.0019
2006-08,0.003219,-0.038055,-0.036037,0.014022,0.003104,0.011544804837823275,0.002551,0.00265,0.003483333333333333,0.0039000000000000003,0.004316666666666667,0.023399999999999997,0.010886,,0.003208,0.009658,0.011575,0.011555,0.00312,0.028416,0.02235,0.035116,0.020214,0.022837999999999997,0.024447,0.00312,0.023627,0.022794,0.025478,-0.0008,-0.030973,0.011544804837823053,2.71e-05,0.0019
2006-09,0.0015090000000000001,-0.061604,-0.060212,0.008277,0.011040000000000001,0.010326086956521818,0.0024490000000000002,0.002484,0.003317333333333333,0.003734,0.004150666666666667,0.0042,0.005058,,0.001729,0.003589,0.005738999999999999,-7.5e-05,0.001664,0.019151,0.018914,0.026906,0.024147,0.022542,0.017337,0.001664,0.023008,0.022275,0.008324,-0.005356,-0.040887,0.010326086956521818,2.71e-05,0.0019
2006-10,0.001568,0.045837,0.047436,0.013203,0.001655,0.018289402904787533,0.002906,0.002909,0.003742333333333333,0.0041589999999999995,0.004575666666666667,0.0179,0.002774,,0.001712,0.003267,0.002789,0.009673000000000001,0.001661,0.035044,0.039617,0.030891000000000002,0.026021000000000002,0.02891,0.030047,0.001661,0.030034,0.029708000000000002,0.047497,0.013493,0.035531,0.018289402904787533,2.71e-05,0.0019
2006-11,0.003556,0.052964000000000004,0.054688999999999995,0.009223,0.0056159999999999995,0.016904384574748743,0.002778,0.002836,0.0036693333333333335,0.004086,0.004502666666666667,0.0101,0.005252,,0.003414,0.005904,0.005177,0.024354,0.0033889999999999997,-0.002882,0.034448,0.0032519999999999997,-0.018583000000000002,-0.013540000000000002,0.010131,0.0033889999999999997,-0.0012929999999999999,-0.009896,0.074321,0.023757,0.039106999999999996,0.016904384574748965,2.71e-05,0.0019
2006-12,-0.0005,-0.047054,-0.045929000000000005,0.006141,0.004763,0.018181818181818743,0.002817,0.002878,0.003711333333333333,0.004128,0.0045446666666666665,0.004699999999999999,-0.010215,,-0.0007599999999999999,-0.008467,-0.010989,-0.013255999999999999,-0.0006469999999999999,0.037511,0.050496,0.040319,0.019954,0.025672999999999998,0.025745,-0.0006469999999999999,0.038747,0.027665000000000002,0.045029000000000007,0.026227,-0.034872,0.018181818181818077,2.71e-05,0.0019
2007-01,0.0018709999999999998,0.000514,0.002105,0.007118,0.003024,0.015306122448979664,0.003283,0.0033829999999999997,0.004216333333333333,0.004633,0.005049666666666667,-0.0031,-0.003421,,0.001845,-0.000319,-0.004486,-0.009828,0.0016539999999999999,0.020771,0.00406,0.021402,0.029695999999999997,0.026757,0.017416,0.0016539999999999999,0.016316,0.024872000000000002,-0.010558000000000001,0.011389,-0.01921,0.015306122448979664,2.71e-05,0.0019
2007-02,0.004264,0.032542,0.033675000000000004,0.005565,0.002363,-0.0010050251256282783,0.002777,0.002828,0.0036613333333333333,0.004078,0.004494666666666667,0.015300000000000001,0.009886,,0.004471,0.010006999999999999,0.0101,0.020578,0.004379,-0.019818,-0.022113999999999998,-0.015658000000000002,-0.022158999999999998,-0.021401,-0.012137,0.004379,-0.014371,-0.021457999999999998,-0.005936,-0.017467,0.040875,-0.0010050251256280562,2.71e-05,0.0019
2007-03,0.0010090000000000001,0.008442,0.009748,0.001771,0.0031709999999999998,0.0090543259557343,0.00307,0.003136,0.003969333333333333,0.004386,0.004802666666666666,0.0079,-0.00374,,0.0010680000000000002,-0.0024790000000000003,-0.004418,0.0023639999999999998,0.001001,0.028302,0.031712,0.029924,0.001796,0.010506999999999999,0.014534,0.001001,0.031802000000000004,0.01225,0.039674999999999995,-0.014008,-0.001623,0.0090543259557343,2.71e-05,0.0019
2007-04,0.0017369999999999998,0.01048,0.011551,0.007896,0.005836,0.025922233300098574,0.0033,0.0033410000000000002,0.004174333333333333,0.0045910000000000005,0.005007666666666667,0.0064,-0.000879,,0.001614,-0.000428,-0.001052,0.011303,0.001571,0.038355,0.021652,0.046790000000000005,0.0084,0.018394,0.034088,0.001571,0.040769,0.018577999999999997,0.047445,0.034369000000000004,0.019634,0.025922233300099684,2.71e-05,0.0019
2007-05,-0.0006529999999999999,0.00044699999999999997,0.0012939999999999998,0.00724,0.0028299999999999996,0.02332361516035042,0.003273,0.0033139999999999997,0.004147333333333333,0.0045639999999999995,0.004980666666666666,-0.0052,-0.009896,,-0.000964,-0.007648,-0.010777000000000002,-0.015593,-0.0010689999999999999,0.032056,0.063426,0.040395,0.048014,0.042613000000000005,0.033591,-0.0010689999999999999,0.031751,0.044438000000000005,0.048543,0.032343000000000004,0.0014299999999999998,0.023323615160349753,2.71e-05,0.0019
2007-06,0.002149,-0.014724,-0.013969,-0.015101,0.0056430000000000004,0.0042735042735053685,0.003179,0.003257,0.004090333333333333,0.004507,0.0049236666666666665,-0.020099999999999996,-0.005206,,0.002124,-0.003909,-0.005736,-0.004435,0.002141,-0.00382,0.04308,-0.007518,-0.015083,-0.011314999999999999,-0.010056,0.002141,-0.007377,-0.006552,0.046875,0.02346,0.003378,0.004273504273504258,2.71e-05,0.0019
2007-07,0.005488,0.019918,0.020751,-0.040244999999999996,0.0036880000000000003,-0.014657210401890941,0.003624,0.003673,0.0045063333333333335,0.004923,0.005339666666666667,-0.0113,0.011488,,0.005477999999999999,0.0038329999999999996,0.013977,0.020308000000000003,0.005768,-0.034378,0.038688,-0.036384,-0.035646,-0.035218,-0.030805,0.005768,-0.034756999999999996,-0.02844,0.052762,-0.025911,0.040782,-0.014657210401891274,2.71e-05,0.0019
2007-08,0.008171000000000001,-0.036958000000000005,-0.036309999999999995,0.003844,0.00655,-0.009596928982725683,0.0034839999999999997,0.003368,0.004201333333333333,0.004618,0.0050346666666666665,0.0095,0.008310999999999999,,0.006875,0.003507,0.009267,0.012313000000000001,0.008497,-0.006985,-0.017230000000000002,-0.006241,0.008621,0.003342,-0.0008309999999999999,0.008497,-0.00529,0.0013289999999999999,-0.021251000000000003,-0.040686,-0.018616,-0.009596928982725572,2.71e-05,0.0019
2007-09,0.002832,0.07980999999999999,0.080046,0.025692,0.004364,0.034399224806200834,0.003125,0.003689,0.004522333333333333,0.004939,0.0053556666666666666,0.0216,-5.2e-05,,0.003108,-0.001348,0.000132,0.022444000000000002,0.003019,0.007115,0.064447,0.014457,0.002677,0.004171,0.028652999999999998,0.003019,0.017404,0.010039,0.110441,0.042929,0.088501,0.0343992248062015,2.71e-05,0.0019
2007-10,0.002987,0.032671,0.033336000000000005,0.007374,0.006321,0.028571428571428248,0.0036209999999999997,0.004406,0.005239333333333334,0.005656,0.006072666666666666,0.0233,0.007291,,0.003417,0.008194,0.007294,0.016298999999999998,0.0028000000000000004,0.028807999999999997,0.092622,0.030945999999999998,0.005274,0.013148,0.020989,0.0028000000000000004,0.029148999999999998,0.021345,0.11152100000000001,0.035413,0.007908,0.02857142857142847,2.71e-05,0.0019
2007-11,0.006947999999999999,-0.031439,-0.031361,-0.029183,0.005731000000000001,-0.03233151183970839,0.003364,0.0034189999999999997,0.004252333333333333,0.0046689999999999995,0.005085666666666666,-0.0029,0.004311,,0.00603,-0.004233,0.006683,0.019110000000000002,0.00726,-0.045922,-0.084259,-0.033715999999999996,-0.059158,-0.054666,-0.042638999999999996,0.00726,-0.03794,-0.057944,-0.070907,-0.008493,-0.019971000000000003,-0.032331511839708504,2.71e-05,0.0019
2007-12,0.000431,0.046881000000000006,0.046322999999999996,0.002993,0.007884,-0.00847058823529434,0.003337,0.004553,0.005386333333333333,0.005803,0.006219666666666667,0.0054,-0.0034560000000000003,,0.00055,-0.004799,-0.0036009999999999996,-0.0029809999999999997,0.000208,-0.013622,0.0075049999999999995,-0.004533,-0.006574,-0.008985,-0.008353000000000001,0.000208,-0.004814,-0.007154000000000001,0.003527,0.008551999999999999,0.031449,-0.008470588235294119,2.71e-05,0.0019
2008-01,0.012736,0.04232,0.042237,-0.044893999999999996,0.00364,-0.043331751305173194,0.003434,0.004155,0.004988333333333333,0.005405,0.005821666666666666,0.0072,0.022193,,0.012927,0.013999,0.024243,0.027778999999999998,0.013026,-0.115564,-0.135758,-0.12913,-0.073765,-0.08799099999999999,-0.083915,0.013026,-0.11404600000000001,-0.093405,-0.124795,0.0168,0.043075999999999996,-0.043331751305173194,2.71e-05,0.0019
2008-02,0.005809,0.124059,0.12284,-0.013293,0.0027010000000000003,-0.0004961055712660034,0.003255,0.003493,0.004326333333333333,0.004743,0.005159666666666667,-0.0003,0.004112,,0.005234,-0.000341,0.005171,0.016727000000000002,0.0059499999999999996,-0.009043,0.047286999999999996,-0.011477,-0.040848,-0.030341999999999997,-0.016195,0.0059499999999999996,-0.0032300000000000002,-0.021943,0.073814,0.045980999999999994,0.113799,-0.0004961055712655593,2.71e-05,0.0019
2008-03,-0.003626,-0.061874000000000005,-0.06341999999999999,-0.0015559999999999999,0.0029249999999999996,-0.0300292847570357,0.003519,0.0036220000000000002,0.004455333333333334,0.0048720000000000005,0.005288666666666667,0.0006,-0.007717000000000001,,-0.0036049999999999997,-0.0166,-0.006006,0.0204,-0.0032640000000000004,-0.037947,-0.092639,-0.026564,-0.057834,-0.05112,-0.020268,-0.0032640000000000004,-0.025448,-0.055997000000000005,-0.052919999999999995,-0.001977,-0.068048,-0.030029284757035812,2.71e-05,0.0019
2008-04,-0.0014449999999999999,0.037336999999999995,0.035636,0.058106,0.003301,0.04646402619997958,0.003323,0.0038329999999999996,0.004666333333333333,0.005083,0.005499666666666666,0.0104,-0.003917,,-0.001312,0.00772,-0.005967,-0.019088,-0.001091,0.06382,0.100357,0.060534,0.075105,0.071254,0.062603,-0.001091,0.062434,0.074535,0.08115299999999999,-0.01972,0.019354,0.04646402619997958,2.71e-05,0.0019
2008-05,-0.00471,0.028561999999999997,0.02734,0.006908,0.005694,0.008948655256723725,0.003347,0.004002,0.004835333333333333,0.005252,0.0056686666666666665,0.0025,-0.011005000000000001,,-0.0044269999999999995,-0.00623,-0.01261,-0.011057999999999998,-0.004985,0.006264,0.020419,0.00909,0.022615,0.017108,0.016884,-0.004985,0.006482,0.017496,0.018553,0.017419,0.014538,0.008948655256723725,2.71e-05,0.0019
2008-06,-0.002496,0.091674,0.09099,-0.048073,0.003749,-0.05210100324722521,0.003441,0.004175,0.005008333333333333,0.005425,0.005841666666666666,-0.0178,-0.010687,,-0.002418,-0.012318,-0.01053,0.000852,-0.002402,-0.099491,-0.112038,-0.117025,-0.08875899999999999,-0.09231400000000001,-0.080603,-0.002402,-0.09804500000000001,-0.094636,-0.09975400000000001,0.023038,0.08999499999999999,-0.05210100324722533,2.71e-05,0.0019
2008-07,0.010046,-0.117021,-0.11854200000000001,-0.014296999999999999,0.003125,-0.02996216382043171,0.0036109999999999996,0.004222,0.0050553333333333336,0.005472,0.005888666666666666,0.012,0.016718,0.02673,0.009624,0.011441,0.019132,0.001377,0.009356,-0.019221,-0.028283999999999997,-0.015245,-0.012733000000000001,-0.014870000000000001,-0.017067000000000002,0.009356,-0.019009,-0.016419,-0.03772,-0.027248,-0.09151899999999999,-0.029962163820431598,2.71e-05,0.0019
2008-08,0.006333999999999999,-0.07226099999999999,-0.072842,0.010698000000000001,0.018161,-0.0064832384566728685,0.0034649999999999998,0.0039700000000000004,0.004803333333333333,0.00522,0.0056366666666666666,0.0092,0.011085000000000001,-0.023334999999999998,0.006482,0.008639,0.012013000000000001,-0.016528,0.006816,0.018041,-0.024876999999999996,0.012059,0.057946,0.04489,0.012963,0.006816,0.024722,0.036932,-0.079876,-0.018021,-0.05724,-0.0064832384566729795,2.71e-05,0.0019
2008-09,0.011433,-0.115313,-0.115279,-0.078737,0.002687,-0.1419173430951246,0.0038129999999999995,0.0039369999999999995,0.004770333333333333,0.005187,0.0056036666666666665,-0.0676,-0.004841,-0.042376,0.005281,-0.043621,0.004791,-0.023527999999999997,0.010967,-0.109979,-0.135297,-0.11365,-0.060799000000000006,-0.076543,-0.110459,0.010967,-0.11782,-0.082874,-0.175002,0.0033439999999999998,-0.121931,-0.14191734309512438,2.71e-05,0.0019
2008-10,0.014844999999999999,-0.21554600000000002,-0.21283200000000002,-0.165029,0.006327,-0.15067392110795108,0.003303,0.005046,0.0058793333333333345,0.006296,0.006712666666666667,-0.17980000000000002,0.004413,-0.049221,0.011014,-0.020579999999999998,0.010377,-0.036862,0.015602,-0.127601,-0.195438,-0.157496,-0.091082,-0.10229300000000001,-0.178193,0.015602,-0.134916,-0.111774,-0.273677,0.04979,-0.222282,-0.15067392110795108,2.71e-05,0.0019
2008-11,0.008329,-0.070824,-0.069583,-0.054429,0.002589,-0.008371551284851009,0.00249,0.004439,0.005272333333333334,0.005689,0.006105666666666667,0.0337,0.030777000000000002,-0.01452,0.01052,0.01544,0.036605,0.028915000000000003,0.009559999999999999,-0.069204,-0.075895,-0.06623,-0.06376,-0.06536,-0.05914,0.009559999999999999,-0.047215,-0.066322,-0.075277,0.020855000000000002,-0.079887,-0.00837155128485112,2.71e-05,0.0019
2008-12,0.007866999999999999,-0.043941999999999995,-0.044839000000000004,0.008368,-0.0029509999999999996,0.04448685949199804,0.002295,0.004242,0.005075333333333334,0.005492,0.005908666666666666,0.0687,0.010329,0.07681,0.007148,0.005932,0.011758999999999999,0.062131,0.007772,-0.03923,-0.015960000000000002,0.0021279999999999997,-0.065797,-0.057873,0.009938,0.007772,0.0069310000000000005,-0.05407,0.07799299999999999,0.01645,-0.030494,0.044486859491998265,2.71e-05,0.0019
2009-01,0.011445,-0.051916000000000004,-0.053752,0.072921,0.0028120000000000003,0.009558616811920162,0.001581,0.0031290000000000003,0.003962333333333333,0.004379,0.004795666666666667,0.0151,-0.004917,-0.044893999999999996,0.009928,0.001915,-0.00933,-0.032701,0.01011,-0.035253,0.014659,-0.067939,0.0005510000000000001,-0.010311999999999998,-0.074724,0.01011,-0.061194,-0.007967,-0.064581,0.001808,-0.046977000000000005,0.009558616811920162,2.71e-05,0.0019
2009-02,0.005289,-0.045086,-0.044333,-0.013415,0.002287,-0.013088276246170594,0.000973,0.00183,0.002663333333333333,0.00308,0.003496666666666667,-0.011000000000000001,0.004267,-0.040037,0.003362,-0.0044,0.007754,-0.02234,0.005582,-0.093494,-0.047904,-0.108941,-0.094582,-0.09426899999999999,-0.088725,0.005582,-0.091174,-0.08979100000000001,-0.05641,0.0016389999999999998,-0.045243000000000005,-0.013088276246170927,2.71e-05,0.0019
2009-03,0.00508,0.032911,0.036032,-0.004366,0.000736,0.04345372460496644,0.000941,0.001912,0.0027453333333333336,0.0031620000000000003,0.0035786666666666666,0.0344,0.007743,0.033077,0.0047020000000000005,-0.003104,0.011045000000000001,0.023014,0.005359,0.022868,0.09404299999999999,0.039812,0.031208,0.028709,0.061586,0.005359,0.036752,0.035382,0.143709,-0.024623,0.041995,0.043453724604966215,2.71e-05,0.0019
2009-04,0.00166,0.006293999999999999,0.00733,0.094094,0.003378,0.077271498107085,0.000742,0.0013880000000000001,0.0022213333333333334,0.002638,0.0030546666666666665,0.0554,0.009025,0.045887000000000004,0.004988,0.029336,0.005304,0.008995,0.001777,0.14166700000000002,0.16870200000000002,0.15884299999999998,0.102861,0.11437,0.104337,0.001777,0.127523,0.12024599999999999,0.166407,-0.019660999999999998,0.0121,0.077271498107085,2.71e-05,0.0019
2009-05,0.003021,0.129968,0.130045,0.08752900000000001,-0.00221,0.05214935676184562,0.000607,0.001115,0.0019483333333333334,0.002365,0.0027816666666666667,0.0387,-0.002305,0.031175,0.0066110000000000006,0.023342,-0.010293000000000002,0.03569,0.003357,0.049734,0.096123,0.046002999999999995,0.008587000000000001,0.020991,0.054494,0.003357,0.044017999999999995,0.029441000000000002,0.170869,0.013129,0.118856,0.052149356761844956,2.71e-05,0.0019
2009-06,0.0029720000000000002,-0.019715,-0.019027000000000002,0.017683,-0.010486,0.010199212692354243,0.000628,0.001316,0.002149333333333333,0.002566,0.002982666666666667,0.014199999999999999,0.012984,-0.0018759999999999998,0.004948,0.02231,0.01134,0.004137,0.003283,-0.010642,-0.004466,-0.017816000000000002,0.011305,0.004571,-0.000372,0.003283,-0.018502,0.0034820000000000003,-0.013472,-0.017766,-0.039158,0.010199212692353576,2.71e-05,0.0019
2009-07,0.004935999999999999,0.03116,0.032317,0.051522,0.004477999999999999,0.06193540768731198,0.000305,0.001118,0.0019513333333333333,0.0023680000000000003,0.002784666666666666,0.0317,0.020516,0.019108,0.008657,0.034527,0.016836,0.022145,0.0043419999999999995,0.09325699999999999,0.10060000000000001,0.09532600000000001,0.06442300000000001,0.073144,0.074286,0.0043419999999999995,0.09221299999999999,0.07643799999999999,0.112447,-0.003453,0.025015,0.06193540768731176,2.71e-05,0.0019
2009-08,0.001091,-0.007016,-0.005827,0.030948000000000003,-0.018648,0.02802179472923405,0.000299,0.000785,0.0016183333333333334,0.0020350000000000004,0.0024516666666666662,0.0195,0.0073809999999999995,-0.004413,0.003189,0.011533,0.005197,0.017566,0.001253,0.050255999999999995,-0.01559,0.055734000000000006,0.019138,0.028700999999999997,0.036801,0.001253,0.058678999999999995,0.023267000000000003,-0.003578,0.008818,-0.000313,0.02802179472923383,2.71e-05,0.0019
2009-09,0.0040550000000000004,0.014958,0.015733999999999998,0.047210999999999996,0.00318,0.03255813953488329,0.000293,0.0007009999999999999,0.001534333333333333,0.001951,0.0023676666666666664,0.0481,0.008919,0.026746,0.005559,0.015253000000000001,0.006232,0.021371,0.004193,0.027326000000000003,0.070881,0.043487,0.017938,0.020893000000000002,0.030227,0.004193,0.039465,0.026809,0.09077,0.021674000000000002,-0.004118,0.03255813953488351,2.71e-05,0.0019
2009-10,0.0006450000000000001,0.03206,0.032796,0.019691,-0.004452,-0.006075843285145988,0.000299,0.000604,0.0014373333333333332,0.0018540000000000002,0.0022706666666666665,0.0017000000000000001,0.002653,0.008843,0.002058,0.008579999999999999,0.0012820000000000002,0.004698,0.0008100000000000001,-0.020827,-0.008091000000000001,-0.044025999999999996,-0.029769999999999998,-0.026936,-0.022369,0.0008100000000000001,-0.027046,-0.024622,0.001237,-0.017983,0.039784,-0.0060758432851455435,2.71e-05,0.0019
2009-11,0.0023,0.03465,0.035174,0.006749000000000001,-0.003563,0.02239671163575019,0.00030900000000000003,0.000557,0.0013903333333333335,0.001807,0.0022236666666666668,0.0109,0.00715,0.01728,0.002956,0.008848,0.006745,0.025464,0.0018679999999999999,0.011278,0.024961999999999998,0.015771999999999998,0.028363999999999997,0.022899,0.030233,0.0018679999999999999,0.018589,0.023156,0.042953,0.027052,0.048221999999999994,0.02239671163575041,2.71e-05,0.0019
2009-12,0.00061,0.019489,0.019789,0.020523,-0.000761,0.03350342765836767,0.000298,0.00061,0.0014433333333333331,0.0018599999999999999,0.0022766666666666664,0.0034999999999999996,-0.005743000000000001,-0.0015040000000000001,-8.099999999999999e-05,-0.00043,-0.007653,-0.037627,-0.001243,0.062215,0.087744,0.05684,0.066601,0.065216,0.037556,-0.001243,0.048998999999999994,0.068098,0.039493,-0.032485,0.010922000000000001,0.03350342765836811,2.71e-05,0.0019
2010-01,0.0027329999999999998,-0.073069,-0.072779,0.020992999999999998,0.003502,-0.012717570195999506,0.000283,0.000555,0.0013883333333333334,0.001805,0.0022216666666666665,0.0037,0.008578,0.002344,0.003797,0.016304,0.006143999999999999,0.004131,0.00043599999999999997,-0.028757,-0.025341,-0.046902,-0.002009,-0.010433,-0.0371,0.00043599999999999997,-0.037959,-0.012379,-0.055772,-0.02021,-0.067397,-0.012717570196000061,2.71e-05,0.0019
2010-02,0.006947,0.036524,0.037127,0.000909,0.003414,0.012426752879369118,0.000261,0.000478,0.0013113333333333332,0.0017280000000000002,0.0021446666666666667,0.0138,0.009903,0.008815,0.0062039999999999994,0.005718999999999999,0.011557,0.000744,0.00734,-0.001758,0.022088999999999998,-0.018297,0.048285999999999996,0.032863,0.019524,0.00734,0.006716,0.031482,0.003518,0.012947,0.034658,0.012426752879369563,2.71e-05,0.0019
2010-03,0.001921,-0.012972999999999998,-0.012424,0.039298,0.005141,0.040764394770980594,0.00031099999999999997,0.000568,0.0014013333333333334,0.0018180000000000002,0.0022346666666666665,0.025099999999999997,0.007004,0.028064,0.003386,0.010333000000000002,0.005847,-0.0075580000000000005,0.002902,0.073932,0.08999700000000001,0.07857700000000001,0.069805,0.071029,0.06551,0.002902,0.068797,0.073441,0.080734,0.026704,-0.010006,0.04076439477098104,2.71e-05,0.0019
2010-04,0.0006410000000000001,0.019471000000000002,0.019443,0.009575,0.004062,0.007143199578119042,0.00029,0.000457,0.0012903333333333334,0.001707,0.0021236666666666665,0.0083,-0.0022270000000000002,0.012354,-0.002014,0.005773,-0.005009,0.000161,-0.0051719999999999995,-0.009892,0.029965000000000002,-0.024655,0.029533999999999998,0.017779,0.0025640000000000003,-0.0051719999999999995,-0.018335999999999998,0.019354,0.012115,0.013868,0.019708,0.007143199578119708,2.71e-05,0.0019
2010-05,0.001101,-0.070363,-0.06923,-0.033606,0.0038209999999999997,-0.05369383092155323,0.000292,0.000516,0.0013493333333333332,0.001766,0.0021826666666666665,-0.0166,0.009059000000000001,-0.036142,0.0028100000000000004,-0.005437999999999999,0.01413,-0.015631,0.006189,-0.048312999999999995,-0.011694,-0.058724,-0.00868,-0.020184999999999998,-0.080516,0.006189,-0.05842,-0.019122,-0.087958,-0.014140999999999999,-0.08530099999999999,-0.05369383092155367,2.71e-05,0.0019
2010-06,-6.5e-05,0.0022500000000000003,0.003182,0.011508000000000001,0.003582,-0.013279678068410128,0.000285,0.00046699999999999997,0.0013003333333333332,0.001717,0.0021336666666666665,0.0191,-0.004004,0.005758,-0.00179,0.002339,-0.006155000000000001,0.015317,-0.003629,-0.005698999999999999,-0.0056110000000000005,-0.011358,-0.043007,-0.03259,-0.042367999999999996,-0.003629,-0.024853999999999998,-0.029104,-0.007349,-0.0023569999999999997,-0.00010899999999999999,-0.013279678068410572,2.71e-05,0.0019
2010-07,0.001707,0.067946,0.06774200000000001,0.033531,0.004462,0.04338295269168091,0.000402,0.000492,0.0013253333333333333,0.0017419999999999998,0.0021586666666666664,0.038599999999999995,0.007764999999999999,0.026886999999999998,0.0036420000000000003,0.01217,0.00791,0.03398,0.0033950000000000004,0.049697,0.018502,0.062789,0.003043,0.016436,0.054942000000000005,0.0033950000000000004,0.058609999999999995,0.016705,0.08327400000000001,-0.004671,0.090651,0.04338295269168024,2.71e-05,0.0019
2010-08,0.00357,-0.025495999999999998,-0.025451,0.010294000000000001,0.0037019999999999996,-0.00835491278643663,0.00037400000000000004,0.00074,0.0015733333333333333,0.00199,0.0024066666666666663,0.023799999999999998,0.024167,0.0016189999999999998,0.004905,0.018916,0.025261999999999996,0.013916999999999999,0.0034449999999999997,-0.012657,0.005154,-0.037911,-0.013453999999999999,-0.013210999999999999,-0.034675,0.0034449999999999997,-0.021566000000000002,-0.010771,-0.01942,0.034704,-0.007889,-0.00835491278643663,2.71e-05,0.0019
2010-09,-0.002856,0.072391,0.072603,0.020259,0.003024,0.03936736302719668,0.000356,0.000661,0.0014943333333333334,0.001911,0.0023276666666666667,0.015300000000000001,-0.009873,0.047588,-0.002862,-0.0027389999999999997,-0.011359999999999999,0.023467,-0.003495,0.03327,0.034417,0.052739,0.011240000000000002,0.017768,0.065918,-0.003495,0.053051,0.020023,0.111128,0.012851,0.078681,0.039367363027197344,2.71e-05,0.0019
2010-10,-0.000348,0.049561,0.049828000000000004,0.013431,0.004339,0.02531405546338017,0.0005639999999999999,0.000539,0.0013723333333333333,0.001789,0.0022056666666666665,0.0184,-0.003859,0.007792,0.0009339999999999999,-0.000485,-0.0049380000000000005,0.012557,0.000369,0.024780000000000003,0.01075,0.036976,0.016285,0.018843000000000002,0.028105,0.000369,0.030015,0.017726,0.029036,0.026673,0.058279,0.025314055463379947,2.71e-05,0.0019
2010-11,-0.0044919999999999995,-0.003674,-0.0035399999999999997,-0.015121,0.003734,-0.004484719589439523,0.000527,0.000904,0.0017373333333333331,0.0021539999999999997,0.002570666666666667,-0.0332,-0.019801,-0.029956999999999998,-0.004683,-0.013547,-0.022902999999999996,-0.038067000000000004,-0.0065190000000000005,-0.013354,0.039533,-0.048989000000000005,0.069869,0.044662,-0.003059,-0.0065190000000000005,-0.033485999999999995,0.043962,-0.026398,-0.028247,-0.013451999999999999,-0.004484719589440078,2.71e-05,0.0019
2010-12,0.002535,0.106548,0.10689,0.020812,0.003356,0.03320639048857554,0.00041099999999999996,0.0008640000000000001,0.0016973333333333335,0.002114,0.0025306666666666667,-0.0037,-0.004373,0.024832,0.002916,-0.002382,-0.004739,0.013059000000000001,0.003838,0.051773999999999994,0.039573,0.053119,0.037604,0.041678,0.055674,0.003838,0.054522,0.041394,0.071362,0.033247,0.11119899999999999,0.0332063904885751,2.71e-05,0.0019
2011-01,-0.001824,0.010251,0.010029999999999999,0.019805,0.004726,0.015417809142806105,0.000572,0.000686,0.001519333333333333,0.001936,0.0023526666666666665,-0.0058,-0.00522,-0.008737,-0.0022459999999999997,-0.004375,-0.004689,0.0018,-0.001542,0.01709,-0.048029,0.045409,-0.006098,0.000629,0.018965,-0.001542,0.019252000000000002,-0.006122,-0.027132,-0.014491,0.033572000000000005,0.015417809142805883,2.71e-05,0.0019
2011-02,0.0008550000000000001,0.013474999999999999,0.013179000000000001,0.012341999999999999,0.003618,0.01943337760070829,0.000545,0.000808,0.0016413333333333332,0.002058,0.0024746666666666667,0.0032,0.00241,0.011394,0.002288,0.008045,-0.000165,0.005887,0.001112,0.025204,-0.016641,0.019472,0.028266,0.027366,0.029262999999999997,0.001112,0.021343,0.021524,-0.009326,0.011865,0.023698,0.01943337760070829,2.71e-05,0.0019
2011-03,-6.5e-05,0.020409,0.020644999999999997,-0.009373,0.0055520000000000005,0.0011290112466888491,0.000553,0.0008179999999999999,0.0016513333333333332,0.002068,0.0024846666666666667,0.0121,-0.005328,0.023109,-0.0012540000000000001,-0.003303,-0.006293999999999999,0.00471,-0.001913,-0.034823,0.030517,-0.026185,-0.036919,-0.036302,-0.012506999999999999,-0.001913,-0.018857,-0.027686000000000002,0.058795,-0.010556000000000001,0.003291,0.0011290112466890712,2.71e-05,0.0019
2011-04,0.001211,0.035009,0.034630999999999995,0.01359,0.004035,0.016785946649316985,0.000781,0.0007679999999999999,0.0016013333333333333,0.002018,0.0024346666666666666,0.0138,0.006996,0.028224,0.001988,0.009887,0.006187000000000001,0.030994999999999998,0.00030900000000000003,0.033062999999999995,-0.013802000000000002,0.036493000000000005,-0.017798,-0.0028439999999999997,0.022324,0.00030900000000000003,0.033521,-0.0043419999999999995,0.031019,0.035925,0.012386,0.016785946649316763,2.71e-05,0.0019
2011-05,0.003304,-0.050827,-0.050582,0.006357000000000001,0.004437,-0.008190427437931636,0.0009239999999999999,0.001199,0.002032333333333333,0.0024490000000000002,0.0028656666666666665,0.016399999999999998,0.009714,-0.005667,0.004824,0.009101,0.009573,-0.000785,0.004079,-0.002057,0.004928,-0.023177,0.016116,0.010591999999999999,-0.012455,0.004079,-0.014352,0.009816,-0.026229,-0.044824,-0.043105000000000004,-0.008190427437931858,2.71e-05,0.0019
2011-06,0.001257,-0.050353,-0.050442,-0.011927,0.0034200000000000003,-0.01449462365591403,0.0009239999999999999,0.0010530000000000001,0.0018863333333333332,0.002303,0.002719666666666667,0.009899999999999999,-0.0032440000000000004,0.008239999999999999,0.000666,-0.004397,-0.00314,0.0007580000000000001,0.0008,-0.027452,-0.023704,-0.009037,-0.022725,-0.024137,-0.015482000000000001,0.0008,-0.016093,-0.024075000000000003,-0.015382,-0.016633,-0.050704,-0.01449462365591403,2.71e-05,0.0019
2011-07,-0.005542,0.029917,0.029618000000000002,-0.000606,0.003195,-0.02300004364334607,0.0008309999999999999,0.001139,0.0019723333333333333,0.002389,0.0028056666666666664,0.0194,0.005626,0.011257,0.0021160000000000003,0.011851,0.002626,0.020642,-0.001476,-0.025258,0.004463,-0.05668599999999999,-0.002575,-0.009355,-0.026977,-0.001476,-0.044944,-0.007483999999999999,-0.004441,0.032675,0.035107,-0.023000043643346513,2.71e-05,0.0019
2011-08,0.014478,0.010176000000000001,0.009986,-0.053576,0.005379,-0.0513713928348073,0.0008269999999999999,0.001472,0.0023053333333333333,0.002722,0.0031386666666666663,0.0062,0.017485999999999998,-0.000535,0.008226,-0.012922,0.027334,0.012719000000000001,0.014843,-0.101935,-0.091138,-0.129688,-0.059930000000000004,-0.072262,-0.067055,0.014843,-0.09546400000000001,-0.074847,-0.089365,-0.014148,0.018309,-0.05137139283480751,2.71e-05,0.0019
2011-09,-0.001805,-0.14855600000000002,-0.14734999999999998,-0.033064,0.0036609999999999998,-0.04770201544547003,0.0008160000000000001,0.001225,0.002058333333333333,0.0024749999999999998,0.002891666666666667,-0.0464,0.003778,-0.067327,-0.000941,-0.012109000000000002,0.007932,-0.023107000000000003,6.1000000000000005e-05,-0.044676,-0.08333600000000001,-0.057989,-0.009577,-0.019571,-0.06287899999999999,6.1000000000000005e-05,-0.046127,-0.028203,-0.145795,0.007451,-0.14307,-0.04770201544547003,2.71e-05,0.0019
2011-10,-0.004832,0.065526,0.066184,0.06987199999999999,0.0046300000000000004,0.05330564209068811,0.000862,0.0012690000000000002,0.0021023333333333332,0.002519,0.0029356666666666663,0.0416,-0.007668,0.037597,0.000825,0.019138,-0.016884999999999997,0.013311,-0.004612,0.078355,0.089342,0.08583500000000001,0.054929,0.061432,0.08451399999999999,-0.004612,0.077741,0.064993,0.132456,-0.037494,0.062026000000000005,0.053305642090688776,2.71e-05,0.0019
2011-11,-0.010821,-0.022532,-0.022189999999999998,-0.045167,0.003421,-0.02558565325571538,0.000658,0.001376,0.002209333333333333,0.002626,0.003042666666666667,-0.0079,-0.023184999999999997,-0.027892999999999998,-0.008315,-0.030615999999999997,-0.022682,-0.017451,-0.008535000000000001,-0.010617000000000001,-0.032913,-0.023906,0.019267,0.010843,-0.013821000000000002,-0.008535000000000001,-0.012455,0.005121,-0.06664500000000001,0.001487,-0.020863,-0.0255856532557156,2.71e-05,0.0019
2011-12,0.022087,-0.037708,-0.037479,0.026461000000000002,0.002714,-0.00043360955868121387,0.000518,0.001303,0.0021363333333333334,0.0025529999999999997,0.0029696666666666665,0.0113,0.031557,-0.000579,0.014696,0.025814,0.036534,0.006743,0.020599,0.020958,0.024477000000000002,-0.002862,0.04228,0.036399,0.006790000000000001,0.020599,0.009768,0.034889,-0.012052,0.006659000000000001,-0.014551000000000001,-0.00043360955868188,2.71e-05,0.0019
2012-01,0.013968000000000001,0.024508000000000002,0.024729,0.056036,0.004164,0.05369451004964576,0.000366,0.001379,0.0022123333333333335,0.0026290000000000003,0.0030456666666666666,0.0155,0.019779,0.050976999999999995,0.0129,0.029388,0.017602,0.016737,0.010182,0.038144,0.104154,0.053696,0.042659,0.041434,0.042910000000000004,0.010182,0.034338,0.049333,0.113425,0.007017,0.034768,0.05369451004964576,2.71e-05,0.0019
2012-02,0.011872,0.026865999999999998,0.026987,0.037703,0.0015890000000000001,0.028086546818535174,0.00029499999999999996,0.000996,0.0018293333333333334,0.0022459999999999997,0.0026626666666666665,0.0236,0.016171,0.016656999999999998,0.007993,0.018174,0.016514,-0.00068,0.007992,0.040561999999999994,0.037199,0.042348,0.021106,0.026392000000000002,0.046058,0.007992,0.04301,0.02781,0.059901,0.009399,0.029186,0.028086546818535174,2.71e-05,0.0019
2012-03,-0.001795,-0.041523000000000004,-0.041365,0.012244,0.002484,0.004182424916572947,0.000298,0.0008640000000000001,0.0016973333333333335,0.002114,0.0025306666666666667,0.0021,0.003637,-0.01738,0.0020150000000000003,0.008534,0.0008699999999999999,-0.007201,-0.0005920000000000001,-0.0014069999999999998,-0.028936000000000003,-0.000999,0.024596,0.017412,0.017346999999999998,-0.0005920000000000001,-0.002652,0.01118,-0.033379,-0.020221,-0.027391000000000002,0.004182424916574057,2.71e-05,0.0019
2012-04,-0.001464,-0.00453,-0.0042320000000000005,-0.002271,0.001877,-0.009614958571491972,0.000301,0.00061,0.0014433333333333331,0.0018599999999999999,0.0022766666666666664,0.016200000000000003,9e-06,-0.001325,8.6e-05,0.001202,-0.001193,0.0118,-0.00077,-0.016889,-0.0059570000000000005,-0.051196,-0.00094,-0.005268,-0.015758,-0.00077,-0.024658000000000003,-0.005344,-0.011953,0.000835,-0.00931,-0.00961495857149186,2.71e-05,0.0019
2012-05,-0.009913,-0.091659,-0.09132,-0.016739,0.00234,-0.035969935576234846,0.000291,0.000568,0.0014013333333333334,0.0018180000000000002,0.0022346666666666665,-0.0253,0.010086999999999999,-0.040873,-0.004116,0.001257,0.012185,-0.010265999999999999,-0.0057469999999999995,-0.060759999999999995,-0.0496,-0.070432,-0.007909000000000001,-0.021960999999999998,-0.071454,-0.0057469999999999995,-0.065267,-0.025536,-0.11214299999999999,0.030297,-0.091191,-0.035969935576234846,2.71e-05,0.0019
2012-06,0.00867,0.054164000000000004,0.05493000000000001,0.021211999999999998,0.003777,0.019630592166326233,0.00026599999999999996,0.000494,0.0013273333333333331,0.0017439999999999999,0.0021606666666666666,0.034,-0.007136,0.030451000000000002,0.0032040000000000003,-0.002296,-0.0076,0.0047799999999999995,0.005542,0.051581999999999996,0.011913,0.062813,0.014518,0.023964,0.041814,0.005542,0.052944000000000005,0.022434,0.038593,-0.032933,0.05887800000000001,0.019630592166326455,2.71e-05,0.0019
2012-07,-0.000305,0.064702,0.06468600000000001,0.01808,0.0040360000000000005,0.010650402803694892,0.000179,0.000666,0.0014993333333333334,0.001916,0.002332666666666667,0.037599999999999995,0.0181,0.016859,0.0052190000000000005,0.024373999999999996,0.016338,0.011568,0.002133,0.042049,0.050553,0.029188000000000002,0.044273999999999994,0.04369100000000001,0.014627,0.002133,0.028378999999999998,0.044558,0.019508,0.029527,0.074161,0.01065040280369578,2.71e-05,0.0019
2012-08,0.014534,0.012402999999999999,0.012984,0.023644,0.00402,0.015446971402837129,9.499999999999999e-05,0.00025,0.0010833333333333333,0.0015,0.0019166666666666666,0.0115,0.008325,0.0022489999999999997,0.007847,0.010415,0.006927,0.008635,0.009284,0.02013,-0.026222,0.040433000000000004,-0.004666,0.001808,0.019221,0.009284,0.023268,-0.0017180000000000001,-0.00333,-0.011792,0.019863,0.015446971402837129,2.71e-05,0.0019
2012-09,0.005593,0.016417,0.017056,0.014558,0.003054,0.014014546744721912,7.7e-05,0.000134,0.0009673333333333333,0.001384,0.0018006666666666666,0.016,0.009982,0.027511999999999998,0.00428,0.007693,0.011559,0.012191,0.004043,0.008723,0.038913,0.012491,0.00598,0.006703,0.020711,0.004043,0.011661999999999999,0.010650999999999999,0.060342,-0.008118,-0.0007199999999999999,0.014014546744722356,2.71e-05,0.0019
2012-10,0.0035859999999999998,-0.038987,-0.038729,0.019063,0.010217,0.0007435269419175938,8.5e-05,0.00014800000000000002,0.0009813333333333332,0.0013980000000000002,0.0018146666666666667,0.0085,0.0079,0.00623,0.003733,0.011382000000000001,0.006835,-0.0014050000000000002,0.002509,0.007249,-0.013205,0.016662,-0.021584,-0.013881,-0.004866,0.002509,0.011399999999999999,-0.0138,-0.006071999999999999,-0.030104000000000002,-0.035623,0.0007435269419175938,2.71e-05,0.0019
2012-11,0.006478,0.00015800000000000002,0.000516,0.013463000000000001,0.004755,0.011275730955814911,6.5e-05,0.000112,0.0009453333333333333,0.001362,0.0017786666666666665,0.0115,0.011942,0.00565,0.00368,0.008547,0.013627,-0.000105,0.0039000000000000003,0.022183,0.008957,0.027982,0.004148,0.009066,0.014173,0.0039000000000000003,0.025451,0.009048,0.012697,-0.0012640000000000001,0.0075970000000000005,0.011275730955814689,2.71e-05,0.0019
2012-12,0.0017749999999999999,-0.026070000000000003,-0.026071,0.019968,0.0034000000000000002,0.01996629067807576,6.1000000000000005e-05,0.000106,0.0009393333333333333,0.001356,0.0017726666666666665,0.0067,0.008098,0.012756,0.0023699999999999997,0.00993,0.007379,-0.003294,0.001566,0.014256999999999999,0.034735,0.023763999999999997,0.001545,0.0050490000000000005,0.018225,0.001566,0.013755,0.008842,0.048895,0.000558,-0.025354,0.019966290678075982,2.71e-05,0.0019
2013-01,0.0057799999999999995,0.02365,0.023973,-0.000363,0.004385,0.02605821787212359,6.2e-05,0.00010200000000000001,0.0009353333333333333,0.001352,0.0017686666666666667,-0.0131,-0.006706999999999999,0.012263,-0.000134,-0.012119999999999999,-0.005617,-0.009096,0.00046300000000000003,0.028048000000000003,-0.01534,0.030125000000000002,0.017926,0.020748000000000003,0.051529,0.00046300000000000003,0.051154000000000005,0.016014,0.013788,0.014548,0.026146,0.026058217872124034,2.71e-05,0.0019
2013-02,-0.001774,-0.041185,-0.040868,0.007794,0.003241,0.0046663363065733154,5.3e-05,0.000127,0.0009603333333333333,0.001377,0.0017936666666666665,-0.0034000000000000002,0.005919,-0.001446,0.003467,0.012675,0.0031530000000000004,-0.009475,0.001505,0.009568,0.02524,-0.008145,0.05187,0.039997,0.014961,0.001505,0.008583,0.038123,-0.012563,0.001093,-0.047515999999999996,0.004666336306574204,2.71e-05,0.0019
2013-03,0.001933,0.006575999999999999,0.006737999999999999,0.0065249999999999996,0.003626,0.018948579884088934,5.3e-05,9.900000000000001e-05,0.0009323333333333333,0.001349,0.0017656666666666665,-0.0066,0.0060550000000000005,-0.000661,0.001604,0.005166,0.006411,-0.00254,0.001618,0.015998000000000002,0.000571,0.001016,0.051694000000000004,0.04194899999999999,0.026848,0.001618,0.008773999999999999,0.036723,-0.017224,0.012764,-0.011793,0.018948579884088934,2.71e-05,0.0019
2013-04,0.012646999999999999,-0.028168000000000002,-0.02791,0.020794,0.005262,0.01758773699072158,7.5e-05,0.00012,0.0009533333333333333,0.0013700000000000001,0.0017866666666666667,0.028399999999999998,0.020765,0.025209000000000002,0.0060999999999999995,0.013798,0.023815,0.01391,0.0065190000000000005,0.016234,-0.018677,0.029388,0.000468,0.004657,0.026879,0.0065190000000000005,0.019156,0.001803,0.007537,0.014451,-0.030452,0.017587736990722025,2.71e-05,0.0019
2013-05,-0.00187,-0.022488,-0.022428,0.001498,0.004129,0.020019027986997617,6.7e-05,0.000111,0.0009443333333333333,0.001361,0.0017776666666666665,-0.0368,-0.009251,-0.032626,-0.000509,-0.0018360000000000002,-0.011853,-0.02973,-0.00149,0.019169000000000002,-0.008813999999999999,0.032349,0.017124999999999998,0.017668,0.014122,-0.00149,0.025129000000000002,0.014497,-0.025655,-0.017204999999999998,-0.00795,0.020019027986997617,2.71e-05,0.0019
2013-06,-0.004736000000000001,-0.047721,-0.047146,-0.019145000000000002,0.0029370000000000004,-0.018460223077221616,6.5e-05,7.1e-05,0.0009043333333333333,0.001321,0.0017376666666666664,-0.0492,-0.015052000000000001,-0.030128,-0.0037730000000000003,-0.016439,-0.014595,-0.011837,-0.003387,-0.051085000000000005,-0.06643099999999999,-0.054634,-0.018849,-0.027530000000000002,-0.024404,-0.003387,-0.050378,-0.032102,-0.063658,-0.015047,-0.031834,-0.01846022307722206,2.71e-05,0.0019
2013-07,0.005627999999999999,0.013447,0.013624,0.019174,0.003579,0.03147766867279067,9.400000000000001e-05,0.000126,0.0009593333333333333,0.001376,0.0017926666666666666,0.0121,0.007048,-0.010471999999999999,0.003512,0.008463,0.007181999999999999,0.012563,0.0035709999999999995,0.050998999999999996,-0.010861,0.063426,0.023111000000000003,0.030453,0.04628,0.0035709999999999995,0.058545,0.025772,0.010447999999999999,-0.009838,0.011821,0.03147766867279067,2.71e-05,0.0019
2013-08,0.001078,0.034007,0.034023,0.002317,0.0025940000000000004,-0.007562089747034428,6.9e-05,0.000126,0.0009593333333333333,0.001376,0.0017926666666666666,-0.0258,-0.004359,-0.03173,0.000504,-0.002071,-0.005182,-0.005245,0.00023,-0.005828,-0.010283,-0.010722,-0.017562,-0.014421,-0.020945000000000002,0.00023,-0.014523,-0.013961,-0.017176,-0.017467,0.023334999999999998,-0.007562089747034539,2.71e-05,0.0019
2013-09,0.0031,-0.025619999999999997,-0.025542,0.009999000000000001,0.003104,0.033534462752377925,6.8e-05,0.00013,0.0009633333333333333,0.0013800000000000002,0.0017966666666666667,0.0254,0.007368,0.033169,0.0027500000000000003,0.006706,0.007528,0.020558,0.0026390000000000003,0.044137,0.037454999999999995,0.059938000000000005,0.014908999999999999,0.022825,0.036664,0.0026390000000000003,0.036429,0.02442,0.06503,-0.009683,-0.014229,0.03353446275237859,2.71e-05,0.0019
2013-10,0.006771,-0.014982,-0.014766,0.019884,0.0034820000000000003,0.020919875753152795,7.8e-05,0.000121,0.0009543333333333333,0.001371,0.0017876666666666666,0.0275,0.012534,0.018716,0.004173,0.011498,0.013420000000000001,0.009827,0.004635,0.038353,0.04407199999999999,0.054199000000000004,0.033263,0.03467,0.039169,0.004635,0.043892,0.03571,0.048583999999999995,0.012111,-0.01093,0.020919875753153017,2.71e-05,0.0019
2013-11,0.003761,-0.008097,-0.008003,0.008122,0.002506,0.01162023460410544,7.900000000000001e-05,0.000114,0.0009473333333333333,0.001364,0.0017806666666666665,-0.0171,0.003228,-0.020373000000000002,0.002334,0.002432,0.003297,-0.008186,0.0025629999999999997,0.010296000000000001,-0.016108,0.013075000000000002,0.018515999999999998,0.016241000000000002,0.021427,0.0025629999999999997,0.005203,0.012643,-0.014622999999999999,0.016875,-0.017623,0.011620234604105661,2.71e-05,0.0019
2013-12,-0.000181,0.012433000000000001,0.012399,0.00588,0.004614,0.012030293147805793,0.000149,0.000124,0.0009573333333333333,0.001374,0.0017906666666666665,0.005,-0.00549,0.002255,-0.000574,-0.004306,-0.005803,-0.005971,-0.000682,0.010216000000000001,-0.026185999999999997,0.008159999999999999,0.008549,0.009003,0.020485000000000003,-0.000682,0.009772999999999999,0.005142,-0.014458,0.005692,-0.0025069999999999997,0.012030293147805793,2.71e-05,0.0019
2014-01,0.0049499999999999995,0.00291,0.002976,0.005075,0.00638,0.00798453220666695,0.000183,0.00023300000000000003,0.0010663333333333332,0.001483,0.0018996666666666667,-0.006999999999999999,0.018487,-0.01591,0.0038,0.013603,0.020813,0.010572999999999999,0.004207,-0.017686999999999998,-0.044549000000000005,-0.022195999999999997,-0.015416000000000001,-0.016044,-0.033109,0.004207,-0.022486000000000003,-0.01907,-0.064935,-0.023308,-0.009934,0.007984532206666728,2.71e-05,0.0019
2014-02,0.0025269999999999997,0.062251,0.062352,0.014855,0.003106,0.03442028985507317,0.000123,0.000205,0.0010383333333333334,0.001455,0.0018716666666666664,0.0297,0.005802000000000001,0.017357,0.00108,0.0056289999999999995,0.006154,0.014011000000000001,0.001246,0.047695999999999995,0.008742,0.047813999999999995,0.016696,0.025279,0.041548,0.001246,0.048471,0.023565,0.033125,0.005765,0.058625,0.034420289855072506,2.71e-05,0.0019
2014-03,0.002289,0.00415,0.004112,0.005390000000000001,0.002654,-0.007760722502661022,0.000152,0.000211,0.0010443333333333333,0.001461,0.0018776666666666666,0.0137,0.007306,0.015603,0.001663,0.004207,0.008689,-0.000679,0.001696,-0.008123,0.032864,0.003005,0.008117,0.003554,0.001867,0.001696,-0.0065439999999999995,0.0065569999999999995,0.030695999999999998,-0.0031030000000000003,0.023701,-0.007760722502661244,2.71e-05,0.0019
2014-04,0.000936,0.024582000000000003,0.024358,0.007332999999999999,0.0015970000000000001,0.002768645094306521,0.000215,0.000211,0.0010443333333333333,0.001461,0.0018776666666666666,0.0124,0.008464000000000001,0.010672,0.001276,0.009203,0.008973,0.011316999999999999,0.000621,0.018806,-0.0026650000000000003,0.010672999999999998,-0.0014050000000000002,0.004198,0.0072050000000000005,0.000621,0.017578,0.0034739999999999997,0.003342,0.004163,0.012636000000000001,0.002768645094306965,2.71e-05,0.0019
2014-05,0.001577,-0.028611,-0.028746,0.005459,0.0015160000000000002,0.01836065573770429,0.000207,0.00026700000000000004,0.0011003333333333334,0.0015170000000000001,0.0019336666666666666,0.0315,0.009676,0.024314,0.002243,0.008936,0.009817,0.005921999999999999,0.002031,0.025214,0.051591,0.025232,0.040357000000000004,0.036115,0.022818,0.002031,0.022263,0.037735,0.034904000000000004,0.023118,-0.027829000000000003,0.018360655737704956,2.71e-05,0.0019
2014-06,0.00316,0.005994,0.0059640000000000006,0.005761,0.0021449999999999998,0.00996373741823997,8.099999999999999e-05,0.000346,0.0011793333333333334,0.001596,0.0020126666666666665,0.0036,0.009238,0.008837000000000001,0.002438,0.005612000000000001,0.010253000000000002,0.0072770000000000005,0.0025900000000000003,-0.004385,0.023119,-0.00827,0.021766,0.01447,0.013687,0.0025900000000000003,-0.009426,0.015408,0.026570999999999997,0.004921,0.0036780000000000003,0.009963737418239749,2.71e-05,0.0019
2014-07,0.0017649999999999999,-0.049872,-0.049835000000000004,-0.001015,-0.002392,-0.011308345357538552,4.1e-05,0.000146,0.0009793333333333334,0.001396,0.0018126666666666666,0.0038,0.0073409999999999994,-0.005182,0.001071,0.004966,0.008589,-0.009014,0.001235,-0.015404,0.043068,-0.033744,0.015368999999999999,0.0069489999999999994,-0.008149,0.001235,-0.017936,0.010865,0.019335,-0.009693,-0.044900999999999996,-0.01130834535753833,2.71e-05,0.0019
2014-08,0.002031,-0.010436,-0.010450999999999998,0.006804,0.000947,0.016901982079826627,1.5e-05,0.000178,0.0010113333333333333,0.001428,0.0018446666666666668,0.0084,0.016201,0.008352,0.0021290000000000002,0.011571,0.01795,0.005483,0.0018509999999999998,0.020055,0.038681,0.016187,0.044808,0.038176,0.026447,0.0018509999999999998,0.018369,0.038233,0.022535,0.039539,-0.01238,0.016901982079826183,2.71e-05,0.0019
2014-09,0.000802,-0.062469000000000004,-0.062257999999999994,-0.005266,0.001702,-0.01945798010813704,5.999999999999999e-06,0.000144,0.0009773333333333333,0.001394,0.0018106666666666666,-0.019299999999999998,0.001458,-0.023292999999999998,0.001341,0.001764,0.001006,-0.027906,0.00084,0.003558,-0.03458,0.008163,0.018319000000000002,0.014406,-0.010516000000000001,0.00084,-0.00248,0.008892,-0.07412099999999999,0.019265,-0.05635,-0.01945798010813693,2.71e-05,0.0019
2014-10,-0.00234,-0.008231,-0.008039,0.000756,0.002329,0.006705469893461213,-2e-06,4.6e-05,0.0008793333333333333,0.0012959999999999998,0.0017126666666666666,0.017,0.0031769999999999997,0.0172,-0.000784,0.004357,0.002504,0.000139,-0.001734,-0.018321,0.020148000000000003,-0.025356999999999998,0.026501,0.014783,0.011219,-0.001734,-0.015516,0.015363,0.011789,0.016416,0.002201,0.006705469893461213,2.71e-05,0.0019
2014-11,0.002001,-0.040701,-0.040679,0.009724,0.00157,0.013524479307547077,-8e-06,4.1e-05,0.0008743333333333333,0.0012909999999999998,0.0017076666666666666,0.0007000000000000001,0.010436,-0.005469000000000001,0.000906,0.005642,0.01282,-0.0036509999999999997,0.0012330000000000002,0.031729,-0.005615,0.047735,0.022938,0.025153,0.028319999999999998,0.0012330000000000002,0.037015,0.021827,-0.010575000000000001,0.056136,-0.036871,0.013524479307546633,2.71e-05,0.0019
2014-12,0.00099,-0.07655300000000001,-0.076261,-0.002296,0.003323,-0.010074726447825255,-2.6e-05,6e-05,0.0008933333333333333,0.00131,0.0017266666666666667,-0.024399999999999998,0.008274,-0.021333,0.000738,0.005459,0.010276,-0.006885,0.000895,-0.014103000000000001,-0.017234,-0.022774000000000003,0.023111000000000003,0.013635999999999999,-0.008063,0.000895,-0.020522,0.010359,-0.046086999999999996,0.015649,-0.056266,-0.010074726447824811,2.71e-05,0.0019
2015-01,0.002001,-0.033691,-0.033402,0.009455999999999999,0.004249,0.009705466064568125,-3.7000000000000005e-05,5.9e-05,0.0008923333333333333,0.0013089999999999998,0.0017256666666666664,0.009300000000000001,0.017355,0.014719,0.0015129999999999998,0.00919,0.021247,-0.001582,0.0016769999999999999,0.07227599999999999,0.07873999999999999,0.073894,0.046474,0.05288299999999999,-0.007327,0.0016769999999999999,0.038759,0.055552000000000004,0.005995,0.043181000000000004,-0.061394000000000004,0.009705466064568347,2.71e-05,0.0019
2015-02,0.002768,0.02512,0.025762999999999998,0.018712,0.002738,0.03294172618650304,-2.1e-05,2.7000000000000002e-05,0.0008603333333333332,0.0012770000000000001,0.0016936666666666667,0.0083,0.006254999999999999,-0.004224,0.0018540000000000002,0.0058189999999999995,0.006605,-0.008097,0.001786,0.06922299999999999,0.037212999999999996,0.072774,0.06358,0.065004,0.058935,0.001786,0.061071,0.06207,0.030962999999999997,-0.003003,0.016501,0.03294172618650282,2.71e-05,0.0019
2015-03,0.001121,-0.052275,-0.051363000000000006,-0.002728,0.003413,0.0019063620795507497,-3.9e-05,2.1e-05,0.0008543333333333334,0.001271,0.0016876666666666665,0.0017000000000000001,0.00877,-0.013859999999999999,0.000487,-0.001443,0.011278,-0.009639,0.00078,0.016624,0.029515,0.030073,0.031911999999999996,0.028023,-0.004901,0.00078,0.012558,0.028182,-0.014221,0.017028,-0.029304,0.0019063620795500835,2.71e-05,0.0019
2015-04,0.00024400000000000002,0.056688999999999996,0.05733799999999999,0.0037,0.000721,0.013964138286893801,-6e-05,4.9e-05,0.0008823333333333333,0.0012989999999999998,0.0017156666666666666,0.0154,-0.010591,0.016594,-0.000199,-0.004967,-0.013056000000000002,0.010634999999999999,-0.000334,6.8e-05,0.032177,-0.01452,-0.025507,-0.019068,0.010069999999999999,-0.000334,0.0036720000000000004,-0.013728,0.076916,-0.031697,0.03909,0.013964138286893801,2.71e-05,0.0019
2015-05,-0.000119,-0.028136,-0.026981,-0.000842,0.001613,0.015107661970038766,-7.7e-05,-2.9999999999999997e-06,0.0008303333333333333,0.001247,0.0016636666666666666,-0.0044,-0.011466,-0.011763999999999998,0.000303,-0.004535,-0.013977999999999999,-0.017879,0.000334,0.014197999999999999,-0.018858,0.0042959999999999995,0.029511,0.025596,0.012461,0.000334,0.007612,0.020738,-0.040046,-0.004008,-0.025861000000000002,0.01510766197003921,2.71e-05,0.0019
2015-06,-0.0034899999999999996,0.017058,0.017274,-0.018147,0.0017349999999999998,-0.024219827045995457,-0.000105,-8e-06,0.0008253333333333333,0.001242,0.0016586666666666666,-0.015600000000000001,-0.021997,-0.0038940000000000003,-0.00187,-0.019713,-0.024234,-0.00438,-0.001949,-0.046253,-0.041575,-0.039377,-0.036409,-0.038901,-0.029592999999999998,-0.001949,-0.049800000000000004,-0.039184000000000004,-0.025972,-0.042289,0.027309999999999997,-0.02421982704599579,2.71e-05,0.0019
2015-07,0.004876,-0.10639699999999999,-0.10618999999999999,0.009748,0.0018549999999999999,-0.0005137591111969986,-0.0001,2e-06,0.0008353333333333333,0.001252,0.0016686666666666666,0.0045000000000000005,0.018189999999999998,-0.012842,0.002069,0.012487,0.02147,0.002241,0.002399,0.039962,-0.061443000000000005,0.046904,0.022058,0.026564,0.02476,0.002399,0.044164,0.017221,-0.06931899999999999,0.030854,-0.100536,-0.0005137591111967765,2.71e-05,0.0019
2015-08,-0.001129,-0.008302,-0.009188,-0.008731,0.002408,-0.03321874899604815,-0.000103,-8e-06,0.0008253333333333333,0.001242,0.0016586666666666666,-0.0092,-0.008443,-0.027974000000000002,-0.000689,-0.007987,-0.009947000000000001,0.001164,-0.000946,-0.084182,-0.10315200000000001,-0.08427899999999999,-0.077518,-0.079216,-0.06619,-0.000946,-0.072805,-0.081563,-0.090448,-0.018848,-0.011778,-0.033218748996048375,2.71e-05,0.0019
2015-09,0.0009320000000000001,-0.03405,-0.034172,-0.022819,0.00271,-0.02502243046555719,-0.000113,-1.6e-05,0.0008173333333333332,0.0012339999999999999,0.0016506666666666666,-0.0134,0.0072770000000000005,-0.001371,-0.00017500000000000003,-0.006994,0.012185999999999999,0.005096000000000001,0.001003,-0.043053,-0.026389,-0.046306,-0.02986,-0.033216,-0.036017,0.001003,-0.039303,-0.032555,-0.030082,0.011655,-0.020871,-0.025022430465556855,2.71e-05,0.0019
2015-10,0.002038,-0.005019,-0.004462,0.027705999999999998,0.003132,0.039400136332651936,-0.00011599999999999999,-1.1999999999999999e-05,0.0008213333333333332,0.001238,0.0016546666666666665,0.027200000000000002,0.009815,0.026629999999999997,0.00208,0.014384999999999998,0.00993,0.002112,0.001558,0.082856,0.082582,0.09696199999999999,0.093183,0.09057499999999999,0.07932800000000001,0.001558,0.072617,0.089801,0.071332,-0.01196,0.007821,0.039400136332651714,2.71e-05,0.0019
2015-11,0.001275,-0.072945,-0.072543,0.0040999999999999995,0.0028160000000000004,-0.004000524658971383,-0.00011599999999999999,-3.5000000000000004e-05,0.0007983333333333333,0.001215,0.0016316666666666665,-0.0008,0.004817,-0.015260000000000001,0.001802,0.006848,0.004466,-0.016556,0.0015559999999999999,0.026751999999999998,0.005123,0.02947,0.045375,0.040721,0.006313999999999999,0.0015559999999999999,0.019312,0.037288999999999996,-0.039008,0.026552,-0.066653,-0.004000524658971605,2.71e-05,0.0019
2015-12,-0.000487,-0.031574,-0.030857000000000002,-0.021712,0.0034799999999999996,-0.015539606242180315,-0.00017600000000000002,-7.5e-05,0.0007583333333333334,0.0011749999999999998,0.0015916666666666666,-0.014499999999999999,-0.009119,-0.002252,-0.001316,-0.008163,-0.009706,0.005314999999999999,-0.001054,-0.052773,-0.049426,-0.057342000000000004,-0.042226999999999994,-0.044844999999999996,-0.02174,-0.001054,-0.038058,-0.045285,-0.022292,-0.013491999999999999,-0.015769,-0.01553960624218087,2.71e-05,0.0019
2016-01,0.000974,-0.016993,-0.016807000000000002,-0.0057020000000000005,0.0021290000000000002,-0.04484649856196876,-0.00017999999999999998,-6.6e-05,0.0007673333333333333,0.0011840000000000002,0.0016006666666666667,-0.0026,0.015386,-0.008145,0.001698,0.005933000000000001,0.018520000000000002,0.008666,0.001777,-0.062249,-0.061202,-0.063274,-0.054136,-0.056132999999999995,-0.054574,0.001777,-0.049384,-0.056622000000000006,-0.064873,0.041787,-0.014565999999999999,-0.044846498561968984,2.71e-05,0.0019
2016-02,0.000124,-0.016417,-0.016266,-0.001033,0.001579,-0.005987185322642641,-0.000206,-0.00012200000000000001,0.0007113333333333332,0.0011279999999999999,0.0015446666666666666,0.0183,0.008350999999999999,0.004945,0.00082,0.00458,0.009111000000000001,0.022268,0.000443,-0.021984,-0.005772,-0.030358999999999997,-0.008159999999999999,-0.011555,-0.015949,0.000443,-0.018647,-0.010999000000000002,-0.0016370000000000002,0.029670000000000002,-0.00013299999999999998,-0.005987185322642863,2.71e-05,0.0019
2016-03,5.7e-05,0.037162,0.038217,0.033783,0.001394,0.034941880943994086,-0.00025,-0.00016199999999999998,0.0006713333333333332,0.001088,0.0015046666666666667,0.0304,0.0053890000000000006,0.056399,1.6e-05,0.013951999999999999,0.004386,0.027023000000000002,-0.000776,0.013341,0.079664,0.02762,0.019745,0.018196,0.050435,-0.000776,0.019186,0.024156,0.132327,-0.030015,0.021032000000000002,0.03494188094399453,2.71e-05,0.0019
2016-04,0.000611,0.084447,0.085121,0.018757,0.001923,0.005139200871281613,-0.000272,-0.000181,0.0006523333333333332,0.0010689999999999999,0.0014856666666666666,0.0168,-0.006981,0.00641,0.000372,0.0026650000000000003,-0.010255,0.013301,0.0,0.019242,0.000343,0.012004999999999998,0.007963,0.010678,0.007772,0.0,0.015385,0.009623,0.005436,-0.022241,0.055047,0.005139200871281613,2.71e-05,0.0019
2016-05,0.00065,-0.002692,-0.001889,0.002226,0.002006,0.009277757085293992,-0.0003,-0.000237,0.0005963333333333333,0.001013,0.0014296666666666665,-0.0028000000000000004,0.008185,-0.029093,0.00078,0.0034100000000000003,0.009756,-0.013415,0.00061,0.022789,-0.009542,0.021494,0.038414000000000004,0.034614,0.017309,0.00061,0.017676,0.030131,-0.037303,-0.020449000000000002,-0.002405,0.009277757085294436,2.71e-05,0.0019
2016-06,0.0007620000000000001,0.039528,0.041308,-0.0048649999999999995,0.0009710000000000001,-0.010836380715939287,-0.000278,-0.000223,0.0006103333333333333,0.001027,0.0014436666666666664,0.0326,0.017499,0.025286,0.001129,0.009590999999999999,0.021197,0.029202,0.001275,-0.042503,0.04212,-0.060153,0.001469,-0.009159,-0.014488000000000001,0.001275,-0.020333,-0.003997,0.039967,0.045243000000000005,0.014616,-0.010836380715939287,2.71e-05,0.0019
2016-07,-0.00013,-0.051752,-0.051115,0.022839,0.00097,0.034018450685117996,-0.000264,-0.000234,0.0005993333333333332,0.001016,0.0014326666666666665,0.0169,0.009479,0.016338,0.000619,0.016774,0.007956,0.007538,-5.4999999999999995e-05,0.035063,0.043465,0.051093,0.035558,0.035445000000000004,0.040114000000000004,-5.4999999999999995e-05,0.039965,0.036288,0.050323,0.012448999999999998,-0.052243000000000005,0.03401845068511755,2.71e-05,0.0019
2016-08,0.000401,-0.018382,-0.017621,0.015386,0.001938,0.004493718634172028,-0.00031,-0.000276,0.0005573333333333333,0.000974,0.0013906666666666668,0.0168,-0.001154,0.00515,0.000147,0.002371,-0.0027429999999999998,-0.004857,-0.000111,0.0070030000000000005,0.028992,0.01353,0.004223,0.004875,0.003342,-0.000111,0.011684000000000002,0.007414,0.024852,-0.031175,-0.025328,0.004493718634172028,2.71e-05,0.0019
2016-09,0.000243,0.030554,0.03132,-0.006729000000000001,0.0024779999999999997,0.0032654127481721584,-0.000286,-0.000264,0.0005693333333333333,0.000986,0.0014026666666666664,0.0026,0.0014019999999999998,0.011895,0.000254,-0.000733,0.00196,0.005506,0.000332,-0.000308,0.003802,0.000142,-0.004715,-0.003679,0.001037,0.000332,0.004224,-0.002865,0.012859,-0.011763999999999998,0.020123000000000002,0.0032654127481712703,2.71e-05,0.0019
2016-10,-0.001867,-0.005562,-0.004885,0.009442,0.002833,-0.007551100117172083,-0.000299,-0.000277,0.0005563333333333333,0.000973,0.0013896666666666667,-0.0143,-0.016106,-0.010943000000000001,-0.0012850000000000001,-0.007314,-0.019696,-0.027755000000000002,-0.0018260000000000001,-0.008211000000000001,0.027622,0.013248,0.009461,0.00534,-0.007854,-0.0018260000000000001,0.00315,0.007776999999999999,0.002384,-0.026040999999999998,0.0078049999999999994,-0.007551100117172194,2.71e-05,0.0019
2016-11,-0.001729,0.012838,0.013335,-0.007443999999999999,0.0018629999999999999,0.0025908434999346586,-0.00029,-0.000272,0.0005613333333333333,0.000978,0.0013946666666666665,-0.0436,-0.013569,-0.041746,-0.000179,-0.010953,-0.014582,-0.039731999999999996,-5.4999999999999995e-05,0.010894,-0.014195,-0.003099,0.059455,0.048228,0.026057999999999998,-5.4999999999999995e-05,-0.006439,0.041224,-0.046032000000000003,-0.018096,0.010578,0.0025908434999342145,2.71e-05,0.0019
2016-12,0.004987,0.017091000000000002,0.018025,0.018079,0.00216,0.017042294985444295,-0.000292,-0.000269,0.0005643333333333332,0.0009809999999999999,0.0013976666666666664,0.0115,0.005455,-0.008742,0.00156,0.006343,0.006074,-0.004594,0.002162,0.058445,0.007956999999999999,0.069433,0.021595,0.029799000000000003,0.026522,0.002162,0.057895,0.02746,0.002208,0.005923,0.006019,0.01704229498544385,2.71e-05,0.0019
2017-01,-0.002123,-0.000273,0.001355,0.005963,0.002275,0.010999614048629702,-0.00031099999999999997,-0.000294,0.0005393333333333333,0.000956,0.0013726666666666666,0.0127,-0.014700999999999999,0.019502,-0.001706,-0.0056430000000000004,-0.019056,0.011274,-0.0028770000000000002,-0.003739,0.029396,-0.009918,0.000516,-0.000455,0.011483,-0.0028770000000000002,-0.0033789999999999996,0.002676,0.054722999999999994,-0.011255999999999999,0.025318999999999998,0.010999614048629702,2.71e-05,0.0019
2017-02,0.000181,0.00149,0.002088,0.009403,0.002389,0.017115225551949775,-0.000274,-0.000261,0.0005723333333333333,0.000989,0.0014056666666666664,0.019299999999999998,0.010436,0.010995999999999999,0.001423,0.012043,0.011039,0.004726,0.001165,0.029182,0.048167,0.02634,0.050002000000000005,0.045251,0.030652,0.001165,0.027656,0.045563,0.030612,0.02236,0.007794,0.01711522555195022,2.71e-05,0.0019
2017-03,0.000293,-0.027471000000000002,-0.026615000000000003,-0.002441,0.002384,0.003346678343549847,-0.000304,-0.000304,0.0005293333333333334,0.000946,0.0013626666666666665,0.0022,-0.004855,0.014052,-0.001428,-0.00363,-0.005594,0.001537,-0.001441,0.033398,0.018583000000000002,0.054071,-0.004444,0.004083,0.008562,-0.001441,0.035125,0.005656,0.025244,-0.010079,-0.027896999999999998,0.003346678343550513,2.71e-05,0.0019
2017-04,0.000948,-0.015972,-0.015056,0.010141,0.002067,0.012344524455251138,-0.000278,-0.00027,0.0005633333333333333,0.00098,0.0013966666666666667,0.013500000000000002,0.00464,5e-06,0.0008649999999999999,0.0053879999999999996,0.004987,0.011271999999999999,0.000833,0.016865,0.003687,0.022814,-0.009344,-0.0032719999999999997,0.010524,0.000833,0.014622999999999999,-0.0025109999999999998,0.021892000000000002,-0.0012740000000000002,-0.004569,0.012344524455251138,2.71e-05,0.0019
2017-05,0.001488,-0.014552,-0.013283,0.008449,0.00125,0.005943033102386197,-0.000328,-0.000329,0.0005043333333333333,0.000921,0.0013376666666666665,0.0070999999999999995,0.004531,0.010919000000000002,0.00054,0.0037459999999999998,0.005297,0.015475000000000001,0.000721,0.015345,-0.002984,0.01564,-0.019305000000000003,-0.011129,0.013411,0.000721,0.026453,-0.010227,0.029564,0.00038100000000000005,-0.004406,0.005943033102386419,2.71e-05,0.0019
2017-06,-5.6e-05,-0.003116,-0.001922,0.003544,0.00208,-0.0034284314925919768,-0.000297,-0.00030700000000000004,0.0005263333333333332,0.0009429999999999999,0.0013596666666666666,-0.003,-0.005346,0.007286,-0.0015249999999999999,-0.0055520000000000005,-0.005475,-0.000878,-0.0016070000000000001,-0.024841000000000002,-0.0041470000000000005,-0.025310000000000003,-0.005654,-0.010279,-0.001066,-0.0016070000000000001,-0.022632,-0.009588,0.010067999999999999,-0.034344,0.006174,-0.003428431492592199,2.71e-05,0.0019
2017-07,0.001249,0.02122,0.022611,0.007458,0.001246,0.015143137977638332,-0.00030900000000000003,-0.00032399999999999996,0.0005093333333333333,0.0009260000000000001,0.0013426666666666665,0.0068000000000000005,0.002751,0.017549,0.001362,0.007796999999999999,0.002098,0.016813,0.00111,-0.0037319999999999996,0.025053000000000002,0.003256,-0.011252999999999999,-0.009459,0.012763,0.00111,0.006207000000000001,-0.005576,0.059608,0.007623,0.010849,0.015143137977638554,2.71e-05,0.0019
2017-08,0.00032599999999999996,0.002775,0.004031,0.0025269999999999997,0.0014219999999999999,-0.004054585615298589,-0.00030700000000000004,-0.00032599999999999996,0.0005073333333333333,0.0009240000000000001,0.0013406666666666667,0.016,0.007853,0.009504,0.00048800000000000004,0.005494,0.008275,0.009907000000000001,0.000388,-0.00775,0.013792,-0.004608,-0.006673,-0.0069310000000000005,0.00024,0.000388,0.001023,-0.004531,0.022307,0.020912,-0.012986,-0.004054585615298589,2.71e-05,0.0019
2017-09,0.000258,-0.002674,-0.0014910000000000001,0.004652,0.001479,0.008263709554913623,-0.000288,-0.00029600000000000004,0.0005373333333333332,0.000954,0.0013706666666666667,-0.0014000000000000002,-0.003802,-0.006938,-0.00037400000000000004,-0.002029,-0.0045390000000000005,-0.009008,-0.000443,0.038852000000000005,0.001668,0.044391,0.024885,0.028239,0.022132,-0.000443,0.027097000000000003,0.025097,-0.003977,-0.020924,0.006024000000000001,0.00826370955491429,2.71e-05,0.0019
2017-10,0.001101,0.020030000000000003,0.021444,0.010743,0.002953,0.01639196070750626,-0.000319,-0.000337,0.0004963333333333333,0.000913,0.0013296666666666665,0.0021,0.009869,-0.0076029999999999995,0.0011740000000000001,0.011048,0.010378,-0.003784,0.000998,0.019579,0.050381999999999996,0.024275,0.038610000000000005,0.033985,0.024558,0.000998,0.020852,0.035883,0.035056,0.043454,0.026246000000000002,0.016391960707506037,2.71e-05,0.0019
2017-11,0.001077,-0.00579,-0.004613,-0.005783,0.0012959999999999998,-0.002549583469211858,-0.00029499999999999996,-0.000313,0.0005203333333333333,0.000937,0.0013536666666666666,-0.0011,0.0017280000000000002,0.012998000000000001,-0.000542,-0.00172,0.00272,0.011105,-0.000388,-0.020831,-0.021016,-0.020391,0.004192,-0.001808,0.014089,-0.000388,-0.017354,-0.004067,0.002006,0.0030559999999999997,-0.00931,-0.002549583469212302,2.71e-05,0.0019
2017-12,-0.00231,0.028256,0.029855,-0.00032599999999999996,0.002059,-0.00502303462624476,-0.000272,-0.000305,0.0005283333333333333,0.000945,0.0013616666666666666,0.0052,-0.005999,0.014100999999999999,-0.001447,-0.002862,-0.007679,0.0034649999999999998,-0.0018290000000000001,0.007934,0.028607999999999998,-0.008865,0.005911,0.00639,0.009382,-0.0018290000000000001,0.009552,0.008969,0.035897,0.006998,0.02636,-0.005023034626244649,2.71e-05,0.0019
2018-01,0.000292,0.018041,0.019859,0.001115,0.00041099999999999996,0.026825188194527172,-0.00033,-0.000356,0.0004773333333333333,0.000894,0.0013106666666666666,-0.0021,-0.0045190000000000004,0.026347,-0.000867,-0.0026790000000000004,-0.004089,0.011917,-0.001221,0.016013,0.044255,0.031675,0.014442,0.014814,0.035259,-0.001221,0.010778000000000001,0.018298000000000002,0.083347,0.03905,0.014367000000000001,,2.71e-05,0.0019
2018-02,0.000174,-0.019029,-0.017295,-0.006168,0.001877,-0.01416768487810538,-0.000284,-0.000297,0.0005363333333333332,0.000953,0.0013696666666666666,-0.0222,0.001189,-0.010489,0.00035999999999999997,-0.00022700000000000002,0.0017410000000000001,-0.008872999999999999,0.00038899999999999997,-0.038637000000000005,-0.025708,-0.03766,-0.015424,-0.020916999999999998,-0.037167,0.00038899999999999997,-0.035161,-0.021495,-0.04612,-0.063331,-0.005879,,2.71e-05,0.0019
2018-03,0.002932,-0.007866999999999999,-0.006215000000000001,-0.002185,0.00082,-0.007643048956827214,-0.000302,-0.000322,0.0005113333333333333,0.0009279999999999999,0.0013446666666666665,0.0004,0.010696,0.01543,0.000658,-0.001036,0.0148,0.010644,0.001222,-0.020227,-0.026732999999999996,-0.021056,-0.032838,-0.029907,-0.024658000000000003,0.001222,-0.019209,-0.029523,-0.018593,-0.001335,-0.021449,,2.71e-05,0.0019
2018-04,-0.0010140000000000001,0.023809,0.025844999999999996,0.006308,0.003075,0.004103723087902855,-0.000314,-0.000325,0.0005083333333333333,0.000925,0.0013416666666666666,-0.017,-0.0025580000000000004,-0.015113000000000001,-0.000443,0.00042,-0.003487,-0.016017,-0.000721,0.046086,0.013418000000000001,0.048733000000000005,0.024556,0.029615,0.018019,-0.000721,0.049205,0.027638,-0.004425,0.000709,0.032553,,2.71e-05,0.0019
2018-05,-0.009495,0.012084999999999999,0.014167,-0.010378,0.001052,0.015992418409051412,-0.000312,-0.00030900000000000003,0.0005243333333333334,0.000941,0.0013576666666666665,-0.012199999999999999,-0.006955,-0.021416,-0.0034920000000000003,-0.002462,-0.010217,-0.007585,-0.006163999999999999,0.001056,-0.001638,-0.014255,0.054104,0.041525999999999993,0.011288,-0.006163999999999999,-0.005163999999999999,0.036332,-0.035434,-0.025289000000000002,0.014003000000000002,,2.71e-05,0.0019
2018-06,0.003899,-0.036861000000000005,-0.034961,-0.004801000000000001,0.002569,-0.0047513554480266285,-0.000291,-0.00035999999999999997,0.0004733333333333333,0.00089,0.0013066666666666665,-0.014199999999999999,0.004801000000000001,-0.024114,0.001756,-0.00046,0.006915,-0.004446,0.0029609999999999997,-0.006915,-0.041752000000000004,-0.008785,0.001151,-0.000693,0.001563,0.0029609999999999997,-0.002868,-0.00563,-0.041548,0.005448,-0.036466,,2.71e-05,0.0019
2018-07,-0.000936,-0.023503,-0.021343,0.014273000000000001,0.001456,0.0027238379755738507,-0.00032300000000000004,-0.000358,0.0004753333333333333,0.000892,0.0013086666666666665,0.0233,-0.0019850000000000002,0.000422,-0.00037999999999999997,0.002782,-0.003343,-0.001669,-0.000724,0.031079,0.019783,0.034634,0.028431,0.029029,0.029868000000000002,-0.000724,0.032775,0.027955,0.021968,-0.0070209999999999995,-0.016688,,2.71e-05,0.0019
2018-08,-0.004057,-0.020072,-0.017705,0.001163,0.001512,0.012209370253533969,-0.00030900000000000003,-0.00035999999999999997,0.0004733333333333333,0.00089,0.0013066666666666665,-0.019799999999999998,-0.0025380000000000003,-0.020979,-0.001598,0.00012200000000000001,-0.004646,0.001049,-0.0030659999999999997,-0.022458,-0.021561,-0.026558000000000002,0.030024000000000002,0.018071999999999998,0.011774,-0.0030659999999999997,-0.023536,0.013533,-0.02704,0.026501,-0.022387,,2.71e-05,0.0019
2018-09,0.001331,0.017194,0.019176,0.00043,0.0027289999999999997,-0.0021931090206036563,-0.000281,-0.00035000000000000005,0.00048333333333333323,0.0009,0.0013166666666666665,0.0131,-0.002541,0.001872,0.000147,-0.002866,-0.0018459999999999998,-0.00862,0.000895,0.00529,-0.0035949999999999997,-0.0028000000000000004,0.007864,0.0073,0.005605,0.000895,0.0034289999999999998,0.006082,-0.005306,-0.006309,0.012605,,2.71e-05,0.0019
2018-10,0.0009,-0.023944,-0.021588,-0.011867,0.003822,-0.047255480363236346,-0.000335,-0.00035000000000000005,0.00048333333333333323,0.0009,0.0013166666666666665,-0.0246,-0.00023300000000000003,-0.007178,0.00042500000000000003,-0.0018110000000000001,-8.4e-05,-0.011171,0.000726,-0.053124000000000005,-0.06416000000000001,-0.064514,-0.049329,-0.050162000000000005,-0.071091,0.000726,-0.053647,-0.051712999999999995,-0.087084,-0.027898,-0.021141,,2.71e-05,0.0019
2018-11,0.0024360000000000002,-0.008289,-0.005631000000000001,-0.020989,0.001154,0.00610126274890721,-0.000301,-0.00035000000000000005,0.00048333333333333323,0.0009,0.0013166666666666665,-0.0067,0.002429,0.030705,0.000393,-0.0064280000000000006,0.00529,0.0031269999999999996,0.002122,-0.008616,0.041944999999999996,-0.008551999999999999,0.017789,0.012074,0.009755,0.002122,-0.009307,0.015343,0.041211000000000005,-0.010865,-0.024641000000000003,,2.71e-05,0.0019
2018-12,0.002662,-0.07105800000000001,-0.06887599999999999,-0.006091999999999999,0.00265,-0.03478654397345016,-0.00031099999999999997,-0.000356,0.0004773333333333333,0.000894,0.0013106666666666666,0.0104,0.0064470000000000005,0.017336,0.0015229999999999998,0.002085,0.008345,0.020218,0.002674,-0.055281000000000004,-0.035884,-0.059034,-0.092859,-0.08484799999999999,-0.080283,0.002674,-0.053293999999999994,-0.079312,-0.026492,0.014440999999999999,-0.033074,,2.71e-05,0.0019
2019-01,0.000675,0.051906999999999995,0.054465000000000006,0.021928,0.000172,0.0508252063015755,-0.000315,-0.000356,0.0004773333333333333,0.000894,0.0013106666666666666,0.041299999999999996,0.009574000000000001,0.025664,0.000493,0.010864,0.010054,0.015224999999999999,0.000333,0.061886000000000004,0.083607,0.06285400000000001,0.077078,0.073767,0.070622,0.000333,0.056066000000000005,0.07493,0.08755800000000001,-0.018821,0.040664,,2.71e-05,0.0019
2019-02,-0.000989,0.007875,0.010124,0.020262,0.0015509999999999999,0.02418347313938929,-0.000285,-0.000356,0.0004773333333333333,0.000894,0.0013106666666666666,0.0077,-0.000774,-0.0024679999999999997,-4e-06,0.006874,-0.0032790000000000002,-0.005756,-0.001111,0.041528999999999996,0.009949,0.039376,0.037013,0.037984,0.031876,-0.001111,0.036313,0.034637,0.002248,0.004194,0.000334,,2.71e-05,0.0019
2019-03,0.0019520000000000002,-0.004190999999999999,-0.001785,0.010232000000000002,0.003786,0.0015683540995030665,-0.000297,-0.000356,0.0004773333333333333,0.000894,0.0013106666666666666,0.011899999999999999,0.016153,0.0058850000000000005,0.002272,0.013892,0.017488999999999998,0.012519,0.001946,0.020303,0.022627,0.013189,0.029411,0.027437,0.014464,0.001946,0.01955,0.026869999999999998,0.008392,0.034476,0.005778999999999999,,2.71e-05,0.0019
2019-04,-7.900000000000001e-05,-0.0066890000000000005,-0.004216,0.012365999999999999,0.001224,0.017195882267652562,-0.000325,-0.000356,0.0004773333333333333,0.000894,0.0013106666666666666,-0.0001,0.001177,-0.010375,0.000202,0.007184,-0.000341,-0.0029609999999999997,-0.000333,0.037741,0.023011,0.051448999999999995,0.037359,0.037443,0.035864,-0.000333,0.041154,0.035753,0.021053000000000002,0.027422,-0.013916,,2.71e-05,0.0019
2019-05,1.7e-05,-0.035926,-0.033645,-0.013597999999999999,0.0012590000000000001,-0.03067449683562329,-0.000315,-0.000356,0.0004773333333333333,0.000894,0.0013106666666666666,0.0013,0.008042,-0.000565,4e-05,-0.001539,0.010619,0.013542,-5.6e-05,-0.049402,-0.067276,-0.058880999999999996,-0.053121999999999996,-0.052329,-0.059133,-5.6e-05,-0.044849,-0.053960999999999995,-0.072563,-0.023343,-0.014986,,2.71e-05,0.0019
2019-06,0.002706,0.024765000000000002,0.026855000000000004,0.022239,0.002285,0.03352743956237858,-0.000276,-0.00035999999999999997,0.0004733333333333333,0.00089,0.0013066666666666665,0.031,0.018855999999999998,0.030965,0.002946,0.015843,0.021425999999999997,0.022172,0.003276,0.044264,0.039599,0.051057,0.042671,0.043009000000000006,0.056303,0.003276,0.046074000000000004,0.042606000000000005,0.062412999999999996,0.024538,0.01994,,2.71e-05,0.0019
2019-07,0.001439,-0.009159,-0.006725999999999999,0.006586,0.001938,0.00924819304535851,-0.000336,-0.00035999999999999997,0.0004733333333333333,0.00089,0.0013066666666666665,0.0097,0.014662999999999999,0.011483,0.001628,0.014287000000000001,0.016037,-0.002779,0.0018260000000000001,0.002997,0.010307,0.001432,0.034641000000000005,0.027879,0.010301,0.0018260000000000001,0.006661,0.02581,-0.012228000000000001,0.035568,-0.011503000000000001,,2.71e-05,0.0019
2019-08,0.002304,-0.025205,-0.023195,0.008022,0.0024460000000000003,-0.010037499647559733,-0.000301,-0.00035999999999999997,0.0004733333333333333,0.00089,0.0013066666666666665,0.005,0.019137,-0.023274,0.001817,0.0063690000000000005,0.02346,0.020335000000000002,0.002265,-0.014397,-0.038260999999999996,-0.012278,-0.008392,-0.009648,-0.02162,0.002265,-0.016865,-0.012951999999999998,-0.048756,0.033749,-0.043975999999999994,,2.71e-05,0.0019
2019-09,-0.0012330000000000002,0.00988,0.011746000000000001,-0.0027689999999999998,0.002213,-0.004556976446127736,-0.000343,-0.00045,0.0003833333333333333,0.0008,0.0012166666666666667,-0.0069,-0.005323,0.00361,-0.001965,-0.007645,-0.00443,-0.010172,-0.001433,0.037627,0.029418000000000003,0.037196,0.030052,0.031632,0.021795,-0.001433,0.030981,0.031388,0.019089000000000002,-0.031921,0.02778,,2.71e-05,0.0019
2019-10,-0.001815,0.018332,0.02022,-0.0034899999999999996,0.002775,0.010357357443278259,-0.0004,-0.00045,0.0003833333333333333,0.0008,0.0012166666666666667,0.0004,-0.009152,0.015683,-0.0017130000000000001,-0.002083,-0.011040000000000001,0.006659000000000001,-0.002153,0.008557,0.018394,0.012019,0.000327,0.002057,0.016632,-0.002153,0.0044269999999999995,0.003935,0.042167,-0.023857,0.016153,,2.71e-05,0.0019
2019-11,-0.001449,-0.027131,-0.025605000000000003,0.010425,0.000904,0.019143091779231902,-0.000365,-0.00045,0.0003833333333333333,0.0008,0.0012166666666666667,-0.0067,-0.006181,-0.00267,-0.001112,-0.002509,-0.008138,-0.0075829999999999995,-0.001549,0.026951,0.010442,0.026539,0.043514,0.04001299999999999,0.030306000000000003,-0.001549,0.023152,0.036536,-0.001377,0.008751,-0.011715999999999999,,2.71e-05,0.0019
2019-12,-3.4e-05,0.048498,0.050414,0.010755999999999998,0.000677,0.0174219900525161,-0.00040599999999999995,-0.000446,0.0003873333333333333,0.000804,0.0012206666666666666,0.0174,-0.007274,0.021663,-0.000167,-0.000517,-0.009340000000000001,0.005830999999999999,-0.000222,0.020640000000000002,0.055555,0.011258999999999998,0.009349,0.011699999999999999,0.020687,-0.000222,0.016742,0.016864,0.07460499999999999,-0.0063219999999999995,0.043237,,2.71e-05,0.0019
2020-01,0.000639,-0.075168,-0.07356900000000001,-3.3e-05,0.0011279999999999999,0.020755953681450112,-0.00038899999999999997,-0.000446,0.0003873333333333333,0.000804,0.0012206666666666666,0.0134,0.019889,0.0017699999999999999,0.0012540000000000001,0.011559,0.023506999999999997,0.012765,0.001108,-0.012563999999999999,-0.034312,-0.01726,0.011871,0.006739,-0.003998,0.001108,-0.016081,0.0017150000000000002,-0.046615000000000004,0.008324,-0.061534000000000005,,2.71e-05,0.0019
2020-02,-0.000683,-0.051665,-0.050401999999999995,-0.019859,0.000676,-0.02656785102739756,-0.00035299999999999996,-0.000446,0.0003873333333333333,0.000804,0.0012206666666666666,-0.0115,0.0034879999999999998,-0.002895,-0.000241,-0.004007,0.0050609999999999995,0.006725999999999999,-0.000332,-0.084713,-0.044325,-0.079221,-0.074245,-0.0764,-0.082668,-0.000332,-0.0802,-0.072612,-0.052733999999999996,-0.014942,-0.043134,,2.71e-05,0.0019
2020-03,-0.004175,-0.129061,-0.128091,-0.134385,0.000281,-0.11293736085534467,-0.0004,-0.00043700000000000005,0.0003963333333333333,0.0008129999999999999,0.0012296666666666665,-0.1405,-0.033915,-0.046890999999999995,-0.010284,-0.068498,-0.025581,-0.022406000000000002,-0.004208,-0.143488,-0.15309799999999998,-0.17210899999999998,-0.128285,-0.131395,-0.128591,-0.004208,-0.13594799999999999,-0.134056,-0.15402100000000002,0.001333,-0.121356,,2.71e-05,0.0019
2020-04,-0.0009229999999999999,-0.016145,-0.015384,0.066205,0.000756,0.08434033587407776,-0.00037600000000000003,-0.00043700000000000005,0.0003963333333333333,0.0008129999999999999,0.0012296666666666665,0.0213,0.011812,0.024439000000000002,0.0022459999999999997,0.037322,0.005711000000000001,0.019633,-0.000667,0.061194,0.093519,0.064873,0.123865,0.111221,0.104559,-0.000667,0.054493,0.10909700000000001,0.091572,0.002285,-0.034373,,2.71e-05,0.0019
2020-05,0.0008169999999999999,0.042595999999999995,0.043404,0.028505,0.0033789999999999996,0.055120585209738504,-0.00036700000000000003,-0.00043700000000000005,0.0003963333333333333,0.0008129999999999999,0.0012296666666666665,0.0593,0.00211,0.006409000000000001,0.0011790000000000001,0.0017380000000000002,0.001704,0.004386999999999999,0.000556,0.029517,-0.007767,0.047302,0.032895,0.032238,0.046138000000000005,0.000556,0.03899,0.027493,0.007682,-0.00958,0.050469,,2.71e-05,0.0019
2020-06,0.002009,0.022006,0.022823000000000003,0.017888,0.00101,0.042058226134055854,-0.00040899999999999997,-0.00047,0.0003633333333333333,0.00078,0.0011966666666666666,0.0342,0.009837,0.008056,0.003075,0.01319,0.009625,0.008884,0.002224,0.030657999999999998,0.063186,0.048885,0.013213999999999998,0.016583,0.022976999999999997,0.002224,0.032299,0.022031000000000002,0.073509,-0.014311,0.020783,,2.71e-05,0.0019
2020-07,0.00082,0.056228,0.057074999999999994,0.016515,0.001458,0.053147252975726866,-0.0004,-0.00047,0.0003633333333333333,0.00078,0.0011966666666666666,0.0348,0.010166,0.01998,0.001823,0.015047,0.009923999999999999,0.031893,0.000499,-0.013692,0.034687,-0.014104,-0.0025779999999999996,-0.00475,0.03142,0.000499,-0.014527000000000002,4.1e-05,0.089361,0.025678999999999997,0.047683,,2.71e-05,0.0019
2020-08,-0.000494,0.066821,0.067632,0.014766999999999999,0.000616,0.049305332773979194,-0.00040300000000000004,-0.00047,0.0003633333333333333,0.00078,0.0011966666666666666,0.0045000000000000005,-0.005368,0.0021060000000000002,7.900000000000001e-05,0.001751,-0.007542,-0.0015249999999999999,-0.00061,0.029435,0.010609,0.035139000000000004,0.060904999999999994,0.054817,0.061536999999999994,-0.00061,0.027281,0.049272,0.022106,-0.012766999999999999,0.039126,,2.71e-05,0.0019
2020-09,0.001219,-0.034297,-0.033513,-0.007105,0.000839,-0.013922532395757248,-0.00039,-0.000485,0.00034833333333333325,0.000765,0.0011816666666666666,-0.0194,0.010185,-0.0008680000000000001,0.000954,0.003045,0.013085,-0.0035970000000000004,0.000999,-0.014114,0.003512,-0.018225,-0.01559,-0.015317,-0.029849,0.000999,-0.009406,-0.013012999999999999,-0.016040000000000002,-0.019337,-0.000173,,2.71e-05,0.0019
2020-10,0.001655,0.013153999999999999,0.014086000000000001,0.003437,0.000783,-0.0006439457177607188,-0.000391,-0.000485,0.00034833333333333325,0.000765,0.0011816666666666666,-0.001,0.008408,0.014346000000000001,0.001651,0.007756,0.00928,0.000956,0.001441,-0.050078,0.027437,-0.055848,-0.018122,-0.024182000000000002,-0.031163,0.001441,-0.053359,-0.017776,0.020602999999999996,-0.001315,0.0067859999999999995,,2.71e-05,0.0019
2020-11,3.4e-05,0.034527,0.035125,0.039631,0.0006140000000000001,0.09631998472626568,-0.00040599999999999995,-0.000485,0.00034833333333333325,0.000765,0.0011816666666666666,0.037000000000000005,0.002702,0.027256999999999997,0.000417,0.010267,0.0008699999999999999,0.018182,-0.000277,0.139466,0.063856,0.170973,0.08898199999999999,0.0983,0.11726,-0.000277,0.13938,0.093824,0.092487,0.012405,0.058159999999999996,,2.71e-05,0.0019
2020-12,-0.000325,0.049103,0.049741,0.006606,-0.000558,0.05028516696416929,-0.00040500000000000003,-0.000498,0.0003353333333333333,0.0007520000000000001,0.0011686666666666666,0.0175,0.0014060000000000001,0.021475,-0.000375,0.00167,0.001381,0.013432,-0.000498,0.023668,0.049517,0.01969,0.018014,0.019097,0.033728,-0.000498,0.022245,0.023041,0.073513,0.055858,0.056749999999999995,,2.71e-05,0.0019
2021-01,-0.001434,0.025776,0.026257000000000003,0.004463,0.0008939999999999999,0.013617144752113619,-0.000387,-0.000498,0.0003353333333333333,0.0007520000000000001,0.0011686666666666666,-0.0116,-0.004551,-0.00344,-0.000536,-0.001178,-0.005849,-0.008807,-0.001163,-0.007465,0.037997,-0.013271,-0.001799,-0.002888,-0.008387,-0.001163,-0.009989,0.0025369999999999998,0.030659000000000002,-0.012013000000000001,0.032248,,2.71e-05,0.0019
2021-02,-0.0016320000000000002,0.064241,0.064705,0.00577,0.001451,0.029731111338308747,-0.000372,-0.000498,0.0003353333333333333,0.0007520000000000001,0.0011686666666666666,-0.0262,-0.015518,-0.017173,-0.001452,-0.007743,-0.018236000000000002,-0.017213,-0.00183,0.025376,0.008562,0.035925,0.026831999999999998,0.026553,0.025945,-0.00183,0.023984000000000002,0.024089,0.007648,0.028704999999999998,0.050941,,2.71e-05,0.0019
2021-03,0.001051,-0.022082,-0.02147,0.004688,0.0017280000000000002,-0.025596219146527988,-0.000439,-0.000489,0.0003443333333333333,0.000761,0.0011776666666666665,-0.0108,0.00106,-0.013067,0.000519,0.002105,0.001197,-0.019237,0.000445,0.064662,0.017159,0.065937,0.067695,0.067121,0.042125,0.000445,0.060907,0.060342,-0.015104,0.008871,-0.012935,,2.71e-05,0.0019
2021-04,-0.0011279999999999999,0.082331,0.082906,0.0058579999999999995,0.001845,0.022926431628286448,-0.000401,-0.000489,0.0003443333333333333,0.000761,0.0011776666666666665,0.021099999999999997,-0.00707,0.016041,-0.00046300000000000003,0.000166,-0.009798,0.012633,-0.000833,0.020693000000000003,0.000633,0.021577000000000002,0.022012999999999998,0.021761,0.039087000000000004,-0.000833,0.023952,0.019014,0.024897999999999997,0.030081000000000004,0.092081,,2.71e-05,0.0019
2021-05,-0.00016299999999999998,0.02681,0.027284000000000003,0.0023899999999999998,0.001502,-0.012869807749776307,-0.000413,-0.000489,0.0003443333333333333,0.000761,0.0011776666666666665,0.01,-0.000782,0.020305,-0.000283,-0.001357,-0.000457,0.009392000000000001,-0.000278,0.025622,0.007415000000000001,0.024835,-0.007513,-0.0012330000000000002,0.009862,-0.000278,0.02329,-9.7e-05,0.02319,0.019261999999999998,0.012698000000000001,,2.71e-05,0.0019
2021-06,2.2000000000000003e-05,0.017399,0.018512999999999998,0.005567,0.000944,0.02312862015378725,-0.000399,-0.000496,0.0003373333333333333,0.0007539999999999999,0.0011706666666666664,0.0068000000000000005,0.003915,-0.013836,-4e-06,0.004135,0.004361,-0.008822,-0.000111,0.016961999999999998,0.032766,0.010539,0.05343899999999999,0.046357999999999996,0.023412000000000002,-0.000111,0.016073,0.04457900000000001,0.001724,-0.010048,-0.005761,,2.71e-05,0.0019
2021-07,0.001186,0.017782,0.018385,0.0033589999999999996,0.000888,-0.01140151888746399,-0.000401,-0.000496,0.0003373333333333333,0.0007539999999999999,0.0011706666666666664,0.0034999999999999996,0.015628,0.005713,0.001237,0.011407,0.017766,0.013309999999999999,0.001168,0.018574,-0.06722,0.01314,0.017846,0.017995,0.016629,0.001168,0.014637,0.006974,-0.067299,0.002828,0.006299,,2.71e-05,0.0019
2021-08,-0.000623,-0.00377,-0.002958,0.003208,0.00194,0.016561246682762265,-0.000429,-0.000496,0.0003373333333333333,0.0007539999999999999,0.0011706666666666664,0.009300000000000001,-0.004707,0.008283,-0.000749,-0.004071,-0.005580000000000001,-0.0041589999999999995,-0.0007779999999999999,0.019713,0.030826,0.024569999999999998,0.031834,0.029533999999999998,0.026263,-0.0007779999999999999,0.021696,0.029672999999999998,0.026175999999999998,-0.002883,-0.004461,,2.71e-05,0.0019
2021-09,-0.000944,0.049155,0.049752,-0.001716,0.001273,-0.021218128643492373,-0.000404,-0.000495,0.0003383333333333333,0.000755,0.0011716666666666666,-0.0218,-0.010743,-0.017088000000000002,-0.001116,-0.006443,-0.011889,-0.017769,-0.0012230000000000001,-0.030116,-0.021926,-0.033695,-0.022272,-0.023739,-0.037954,-0.0012230000000000001,-0.030139,-0.023523000000000002,-0.039741,0.005852,0.006022,,2.71e-05,0.0019
2021-10,-0.003311,0.025286,0.025841,-0.0050219999999999996,0.002431,0.02288132194280723,-0.000391,-0.000495,0.0003383333333333333,0.000755,0.0011716666666666666,-0.0003,-0.006142,-0.004588999999999999,-0.002873,-0.007421,-0.0060019999999999995,-0.002417,-0.002894,0.046578999999999995,0.011346,0.041018,0.06084,0.058193,0.054779999999999995,-0.002894,0.037321,0.052587,0.009863,0.02561,0.03473,,2.71e-05,0.0019
2021-11,0.0031469999999999996,-0.073322,-0.073106,-0.00502,0.001213,-0.030603642637285433,-0.00043400000000000003,-0.000495,0.0003383333333333333,0.000755,0.0011716666666666666,-0.0196,0.012482,0.001217,0.002208,0.001949,0.016329,-0.0029249999999999996,0.0033489999999999995,-0.024908,-0.013779,-0.032887,0.012437,0.005587999999999999,-0.015588999999999999,0.0033489999999999995,-0.023517999999999997,0.00336,-0.040752,-0.037200000000000004,-0.033059,,2.71e-05,0.0019
2021-12,-0.002795,0.034587,0.035252,0.009413,0.001872,-0.004044816567568388,-0.000423,-0.0005099999999999999,0.0003233333333333333,0.0007400000000000001,0.0011566666666666667,0.0124,-0.011966000000000001,0.006958,-0.001709,-0.001086,-0.01558,-0.001396,-0.002893,0.055167,0.008369,0.049344,0.027109,0.032104,0.03871,-0.002893,0.05147,0.029393,0.018762,0.0035730000000000002,0.043696,,2.71e-05,0.0019
2022-01,-0.001116,0.08699,0.087788,-0.014858,0.001154,-0.05777118953823668,-0.000426,-0.00048502300009462207,0.0003483103332387112,0.0007649769999053779,0.0011816436665720445,-0.029500000000000002,-0.011226,-0.00221,-0.00231,-0.013212,-0.010669,-0.020494,-0.001953,-0.031968,-0.004751,-0.034831,-0.04085,-0.039224,-0.050446,-0.001953,-0.031086,-0.035372,-0.018929,0.021404,0.04967800000000001,,2.71e-05,0.0019
2022-02,-0.001727,0.062289000000000004,0.062297000000000005,-0.026098,0.000823,-0.010603219758195004,-0.00038199999999999996,-0.00044027251388236154,0.00039306081945097174,0.0008097274861176384,0.001226394152784305,-0.0659,-0.022124,-0.004571,-0.004365,-0.025144000000000003,-0.019871,-0.011886,-0.001957,-0.030144,-0.03179,-0.052334,-0.026547,-0.027200000000000002,-0.026941000000000003,-0.001957,-0.031097,-0.027735,-0.02989,0.025169999999999998,0.077544,,2.71e-05,0.0019
2022-03,-0.0056040000000000005,0.087377,0.08647,0.001076,0.003236,0.0010673288461959807,-0.00042500000000000003,-0.0006187384642977345,0.0002145948690355988,0.0006312615357022655,0.001047928202368932,-0.0104,-0.021758000000000003,-0.016624,-0.006772,-0.012017,-0.023681,-0.030453,-0.006609,0.008435,-0.013317,-0.007005,0.043569000000000004,0.037185,0.030297,-0.006609,0.008141,0.031344,-0.022585,0.077415,0.064377,,2.71e-05,0.0019
2022-04,-0.006187000000000001,0.040519,0.041407,-0.030872,0.003493,-0.055420166238739466,-0.000402,0.0002141174897494347,0.0010474508230827679,0.0014641174897494346,0.0018807841564161014,-0.0601,-0.034177,-0.040961,-0.006805,-0.02741,-0.036934999999999996,-0.054787999999999996,-0.006371,-0.005963,-0.003975,-0.019312,-0.03867,-0.032923,-0.07332,-0.006371,-0.007465,-0.029722,-0.055627,0.058857999999999994,0.008063,,2.71e-05,0.0019
2022-05,-0.002872,0.013344,0.015248999999999999,-0.012509999999999999,0.003218,-0.03455345419363798,-0.000444,-0.001565713799322277,-0.0007323804659889436,-0.00031571379932227695,0.00010095286734438963,-0.0009,-0.015087,-0.0008100000000000001,-0.0023669999999999997,-0.012301,-0.017342,0.0027289999999999997,-0.002894,-0.007849,-0.01088,0.005627999999999999,-0.015906,-0.014469000000000001,-0.0029620000000000002,-0.002894,-0.003454,-0.014066,0.004403000000000001,-0.001151,-0.007822,,2.71e-05,0.0019
2022-06,-0.002605,-0.109764,-0.107746,-0.06599000000000001,0.0014680000000000001,-0.05380449046789626,-0.000414,-0.00047609822207048455,0.0003572351112628487,0.0007739017779295154,0.001190568444596182,-0.0652,-0.023415,-0.026439,-0.006836999999999999,-0.034859,-0.019455,-0.032088,-0.0036420000000000003,-0.077251,-0.043412,-0.092035,-0.061181,-0.064081,-0.080629,-0.0036420000000000003,-0.07675799999999999,-0.061699000000000004,-0.06645,0.015843,-0.090413,,2.71e-05,0.0019
2022-07,0.0048330000000000005,0.038952,0.042625,0.052667,0.002497,0.0411034900141205,-0.000373,-0.00046047575883882084,0.00037285757449451244,0.0007895242411611791,0.0012061909078278457,0.0277,0.041437999999999996,0.008154,0.009316,0.047005,0.041291,0.021259,0.006854,0.07605,0.022784,0.073113,0.113344,0.106707,0.07971199999999999,0.006854,0.061199,0.096904,-0.002457,-0.030598,-0.005496,,2.71e-05,0.0019
2022-08,-0.012087,-0.0016289999999999998,0.000881,-0.012706,0.000271,0.0032456522792223552,0.0,-0.00043906076194916263,0.00039427257138417065,0.0008109392380508374,0.001227605904717504,-0.0118,-0.048745000000000004,-0.009756,-0.015524,-0.042289,-0.05159,-0.039460999999999996,-0.014352,-0.049149000000000005,0.018257000000000002,-0.050292,-0.024032,-0.028371,-0.036239,-0.014352,-0.038658,-0.023309000000000003,0.004175,0.032679,-0.0023610000000000003,,2.71e-05,0.0019
2022-09,-0.010003,-0.084215,-0.08108399999999999,-0.041292999999999996,0.001732,-0.05552873008208681,0.000332,-0.00023632262497625957,0.0005970107083570738,0.0010136773750237405,0.001430344041690407,-0.0676,-0.0369,-0.042439,-0.011463000000000001,-0.03322,-0.037931,-0.05138,-0.010647,-0.06282499999999999,-0.093894,-0.063143,-0.070237,-0.068979,-0.08612299999999999,-0.010647,-0.060393,-0.071821,-0.117233,0.039891,-0.034969,,2.71e-05,0.0019
2022-10,0.000644,0.016877,0.019911,0.021208,0.002108,0.016717791411043237,0.0006370000000000001,7.90421790164464e-05,0.0009123755123497797,0.0013290421790164463,0.001745708845683113,-0.0004,0.001119,-0.016229,-4.1e-05,0.00104,0.001472,-0.006876999999999999,-0.00017500000000000003,0.062237999999999995,-0.039579,0.079172,0.06240300000000001,0.062377,0.06926,-0.00017500000000000003,0.06085,0.051013,-0.031046999999999998,0.0046960000000000005,0.020545,,2.71e-05,0.0019
2022-11,0.00165,0.024098,0.027381000000000003,0.035583000000000004,0.001564,0.02199929602252748,0.001199,0.0004281397420007438,0.001261473075334077,0.0016781397420007438,0.0020948064086674105,0.071,0.024107,0.040648,0.0034649999999999998,0.028087,0.023349,0.047061,0.001164,0.06884,0.102258,0.083522,0.017926,0.026629999999999997,0.053810000000000004,0.001164,0.069716,0.034339,0.148316,-0.050873999999999996,0.015031000000000001,,2.71e-05,0.0019
2022-12,-0.00653,-0.026867000000000002,-0.024479,-0.007487000000000001,0.001077,-0.017515806046889182,0.0013650000000000001,0.0008412801880255549,0.001674613521358888,0.002091280188025555,0.002507946854692221,0.0005,-0.036402000000000004,0.022337,-0.006945,-0.017726,-0.04396,0.005408,-0.008543,-0.03511,-0.048791,-0.036012,-0.08502000000000001,-0.076201,-0.052088999999999996,-0.008543,-0.027188,-0.073195,-0.014055,-0.000905,0.009637,,2.71e-05,0.0019
2023-01,0.003639,-0.007631,-0.0049,0.030028000000000003,0.002474,0.051781555950621616,0.001767,0.0012900451258278877,0.0021233784591612207,0.002540045125827888,0.0029567117924945542,0.029300000000000003,0.022147999999999998,0.034296,0.005203999999999999,0.022216999999999997,0.023508,0.032829000000000004,0.004103,0.067935,0.060282999999999996,0.09621600000000001,0.048661,0.05222,0.062817,0.004103,0.06988,0.053126,0.078962,-0.008054,0.022254,,2.71e-05,0.0019
2023-02,-0.005183999999999999,-0.048846,-0.04699,-0.002009,0.002092,-0.012093798357338481,0.001822,0.0014206512218980416,0.002253984555231375,0.0026706512218980416,0.003087317888564708,-0.0245,-0.020884,-0.030879,-0.005829999999999999,-0.014447000000000002,-0.022883,-0.033243999999999996,-0.006363,0.017741,-0.042310999999999994,0.016483,-0.00473,-0.000526,-0.016906,-0.006363,0.014073,-0.0052580000000000005,-0.064843,0.0213,-0.044851999999999996,,2.71e-05,0.0019
2023-03,0.009245,-0.0044529999999999995,-0.002059,0.002533,-0.026343000000000002,-0.0002891775309056266,0.002267,0.001907692960114442,0.0027410262934477753,0.003157692960114442,0.0035743596267811084,0.0076,0.020044,0.025681,0.008506,0.009987000000000001,0.023624,0.031622,0.00987,-0.000747,0.005677,0.007054,0.007935,0.0062770000000000005,0.023252000000000002,0.00987,0.001281,0.0062109999999999995,0.030288,-0.064116,0.014341999999999999,,2.71e-05,0.0019
2023-04,0.0010090000000000001,-0.009183,-0.007514999999999999,0.0035870000000000003,0.002049,-0.009208147523201204,0.002323,0.001991858254722123,0.0028251915880554562,0.003241858254722123,0.0036585249213887893,0.0037,0.0012820000000000002,0.002645,0.002022,0.006996,-0.000563,0.004413,0.001164,0.024977,-0.02705,0.014749000000000002,-0.004149,0.001354,0.014713,0.001164,0.024019,-0.0017519999999999999,-0.011332,0.020422,-0.012895,,2.71e-05,0.0019
2023-05,0.002477,-0.058212,-0.056363,0.0062180000000000004,0.001818,0.002457241563876611,0.002884,0.002745279433276815,0.003578612766610148,0.003995279433276815,0.004411946099943481,-0.008,0.003618,-0.010708,0.00208,0.001699,0.00413,-0.019548,0.002499,-0.025204,0.018158,-0.024609000000000002,0.037188,0.025214,-0.0030930000000000003,0.002499,-0.02993,0.024457,-0.016797,0.020277,-0.037391,,2.71e-05,0.0019
2023-06,-0.005064,0.038220000000000004,0.040393,0.005580000000000001,0.001485,0.037496359576740135,0.0027589999999999997,0.0027284376786731166,0.00356177101200645,0.0039784376786731164,0.004395104345339783,0.020099999999999996,-0.003293,-0.0003,-0.004782,-0.004411,-0.0030320000000000004,-7.8e-05,-0.006086,0.023976,0.014280999999999999,0.038021,0.039007,0.036272,0.054721,-0.006086,0.024344,0.033913,0.037969,0.013124,0.028414000000000002,,2.71e-05,0.0019
2023-07,0.005096000000000001,0.060839,0.06256400000000001,0.01012,0.0007689999999999999,0.024070738496806632,0.0030080000000000003,0.0030376544294491905,0.0038709877627825236,0.00428765442944919,0.004704321096115857,0.0176,0.001676,0.019403,0.0058,0.010501,-0.001133,0.006925,0.004666,0.019868,0.051124,0.019171,0.023398,0.022766,0.027856000000000002,0.004666,0.014943,0.025749,0.062252,-0.010620000000000001,0.054339000000000005,,2.71e-05,0.0019
2023-08,0.003628,-0.009192,-0.0076619999999999995,0.003628,0.00021899999999999998,-0.02284252364201167,0.003209,0.003241527089259457,0.00407486042259279,0.004491527089259457,0.004908193755926124,-0.0168,0.002967,-0.016787,0.003665,0.001568,0.0032819999999999998,-0.013680000000000001,0.003657,-0.024451,-0.046729,-0.030778,-0.004923,-0.008417000000000001,-0.018723,0.003657,-0.022552,-0.012539,-0.061600999999999996,-0.005186,-0.019802,,2.71e-05,0.0019
2023-09,-0.002294,-0.008176,-0.006943,0.002398,-5.4999999999999995e-05,-0.020127168170554932,0.003078,0.0031675378574675572,0.00400087119080089,0.004417537857467557,0.004834204524134224,-0.0282,-0.020808,-0.017048,-0.001566,-0.008589,-0.02535,-0.029213,-0.00266,-0.015609999999999999,-0.001686,-0.032071,-0.019844,-0.0191,-0.038738,-0.00266,-0.012964999999999999,-0.017266999999999998,-0.026151,0.034113000000000004,-0.000838,,2.71e-05,0.0019
2023-10,0.00547,0.001562,0.002656,-0.003866,-0.001317,-0.035045446954696025,0.003548,0.003748427196180526,0.004581760529513859,0.004998427196180526,0.005415093862847192,-0.0148,0.004028,-0.007446,0.005222,0.004025,0.004047,-0.011953,0.005393,-0.035748,-0.037265,-0.032639999999999995,-0.025627,-0.027407,-0.026898,0.005393,-0.034067,-0.028462,-0.038854,-0.010145999999999999,-0.01075,,2.71e-05,0.0019
2023-11,0.007698,-0.023963,-0.022526,0.030167000000000003,-0.0007689999999999999,0.044328520569620444,0.003327,0.003626431451570631,0.004459764784903964,0.004876431451570631,0.005293098118237297,0.0537,0.027162000000000002,0.04119,0.007873,0.023008,0.029334,0.050426,0.007325000000000001,0.064356,0.046276000000000005,0.079183,0.058554,0.059569000000000004,0.080261,0.007325000000000001,0.057939,0.058159999999999996,0.080029,-0.034356,-0.011332,,2.71e-05,0.0019
2023-12,0.01004,-0.028469,-0.026897,0.0285,-0.031223,0.04370161691247887,0.003216,0.0035591117312948973,0.004392445064628231,0.0048091117312948975,0.005225778397961563,0.0454,0.033347,0.025444,0.011393,0.027299000000000004,0.035783,0.041561,0.01088,0.037076,0.02635,0.032168999999999996,0.036045,0.036224,0.040441000000000005,0.01088,0.033386,0.035179999999999996,0.039093,-0.008163,-0.013441000000000002,,2.71e-05,0.0019
2024-01,0.000879,0.0026690000000000004,0.003979,0.002984,0.001192,-0.009163699049606344,0.0036609999999999998,0.0041721233553187,0.005005456688652033,0.0054221233553187,0.005838790021985366,-0.011699999999999999,-0.003285,-0.007656,0.0011459999999999999,0.0013650000000000001,-0.004706,-0.013798,0.0005099999999999999,0.015749,-0.030282,0.021697,0.032005,0.029144,0.017224,0.0005099999999999999,0.013011,0.022900999999999998,-0.046433,0.010431999999999999,0.017706,,2.71e-05,0.0019
2024-02,-0.004802,-0.015792,-0.01471,0.0036680000000000003,0.0011899999999999999,0.011560561316759088,0.003221,0.0035926564666637017,0.004425989799997035,0.0048426564666637015,0.005259323133330368,0.0085,-0.010792,0.003249,-0.004567,-0.008826,-0.011701,-0.012567,-0.005435,0.019415,0.05154,0.033159,0.052007000000000005,0.046346,0.045399,-0.005435,0.023454000000000003,0.046865,0.047572,0.048966,-0.004341,,2.71e-05,0.0019
2024-03,0.003515,0.031968,0.033081,-0.000183,-0.013585,0.021521680094142903,0.0031090000000000002,0.0034485080533472566,0.00428184138668059,0.004698508053347257,0.005115174720013923,0.019799999999999998,0.010870999999999999,-0.0024720000000000002,0.004472,0.012218,0.010436,0.0055049999999999995,0.003643,0.039446,0.02682,0.044455,0.033117,0.03419,0.033236,0.003643,0.04424,0.033449,0.024780000000000003,0.034963,0.036972,,2.71e-05,0.0019
2024-04,-0.001379,0.0256,0.02691,-0.00046699999999999997,0.000115,-0.025875628613837187,0.003666,0.004171601253366126,0.00500493458669946,0.0054216012533661265,0.005838267920032792,-0.0222,-0.012589999999999999,-0.012845,-0.001477,-0.008472,-0.013953,-0.025237,-0.001702,-0.009074,0.014573000000000001,-0.019177,-0.031216,-0.027465000000000003,-0.033167,-0.001702,-0.007415000000000001,-0.023271,0.0044740000000000005,0.020095000000000002,0.025455000000000002,,2.71e-05,0.0019
2024-05,0.002433,0.016239,0.017556000000000002,0.009319,-0.010327999999999999,0.018466716699642394,0.003443,0.0038871760588504146,0.004720509392183748,0.005137176058850414,0.005553842725517081,0.0166,0.000398,0.009266,0.0026950000000000003,0.002666,-0.000786,0.013106,0.002102,0.032647,-0.009496,0.027233,0.028144999999999996,0.028919999999999998,0.039664000000000005,0.002102,0.030466000000000003,0.024942000000000002,0.005647999999999999,-0.021102,0.009712,,2.71e-05,0.0019
2024-06,0.0038329999999999996,-0.016771,-0.01538,0.002775,-0.002609,0.005091217649554336,0.003,0.003442112530828301,0.004275445864161634,0.004692112530828301,0.005108779197494967,0.0049,0.003452,0.0046700000000000005,0.004798,0.006623,0.002276,0.0014349999999999999,0.004195,-0.009835,0.052874,-0.024765000000000002,0.042508,0.033534,0.022843,0.004195,-0.013831,0.035483,0.039445,-0.020600999999999998,-0.027927,,2.71e-05,0.0019
2024-07,0.008693,-0.04182,-0.040361,0.010868,-0.003313,0.011041745351135557,0.003441,0.004074427864491943,0.004907761197825276,0.005324427864491943,0.005741094531158609,0.0171,0.020366,0.015183,0.00884,0.017156,0.022147999999999998,0.027614,0.008695000000000001,0.011701,-0.006617,0.004168,0.007143,0.007888,0.011536999999999999,0.008695000000000001,0.010008,0.0064080000000000005,0.0029749999999999998,-0.022643,-0.030857000000000002,,2.71e-05,0.0019
2024-08,0.004822,-0.0005369999999999999,0.000487,0.011073,-0.0057740000000000005,0.012613166915706797,0.003128,0.0035610423173909477,0.004394375650724281,0.0048110423173909475,0.005227708984057614,0.0213,0.004357,0.024664000000000002,0.005096000000000001,0.0029609999999999997,0.004217,0.02366,0.004926,0.016132999999999998,-0.006621,0.0161,0.0009299999999999999,0.003433,0.01697,0.004926,0.012771,0.002421,0.016146,-0.033423,0.007645,,2.71e-05,0.0019
2024-09,0.007396000000000001,0.047472,0.048615000000000005,0.006555,0.000997,0.027950175773620245,0.0031490000000000003,0.0036128454499869856,0.004446178783320319,0.004862845449986985,0.005279512116653652,0.0171,0.012327999999999999,0.021627999999999998,0.007999000000000001,0.012319,0.012805,0.017019,0.007853,-0.00437,0.05803,0.010148999999999998,0.012827999999999999,0.009966000000000001,0.0141,0.007853,-0.006827,0.014842,0.066775,0.011529000000000001,0.043599,,2.71e-05,0.0019
2024-10,-0.0020080000000000002,-0.019482,-0.018532,0.006256,-0.001934,0.004982056153684633,0.0029609999999999997,0.003529624599993839,0.004362957933327172,0.004779624599993839,0.005196291266660506,-0.0192,-0.007475000000000001,-0.025165000000000003,-0.0008719999999999999,-0.00307,-0.009292,-0.033519,-0.001824,-0.032567,-0.017718,-0.033268,0.015504,0.0076100000000000004,-0.010054,-0.001824,-0.02831,0.004927,-0.044473000000000006,-0.031807,-0.004361,,2.71e-05,0.0019
2024-11,0.008165,0.002737,0.004067,0.0047220000000000005,-0.016147,0.04831323782716468,0.002621,0.003124905329699563,0.003958238663032896,0.004374905329699563,0.00479157199636623,0.0109,0.01957,-0.002042,0.007629,0.015624,0.021949999999999997,0.0034089999999999997,0.008249,0.010568,-0.009048,0.000524,0.08710699999999999,0.075048,0.048924,0.008249,0.004893,0.066329,-0.035931000000000005,0.018351,0.001067,,2.71e-05,0.0019
2024-12,0.00043400000000000003,0.008957,0.010193,0.007475000000000001,-0.024767,-0.027431571354145534,0.002801,0.0033054743756100622,0.004138807708943396,0.0045554743756100625,0.004972141042276728,-0.015700000000000002,-0.010423,-0.006442,0.00037699999999999995,-0.0037619999999999997,-0.013113,-0.021453000000000003,0.0,-0.004941999999999999,0.01859,0.013826,-0.00688,-0.006592,-0.020263,0.0,-0.005336,-0.004155,-0.001373,0.012677,0.008947,,2.71e-05,0.0019
2025-01,0.0018410000000000002,0.038563,0.039538000000000004,0.006623,0.00153,0.02548571193110427,0.0025900000000000003,0.0030093231039293776,0.0038426564372627107,0.004259323103929378,0.004675989770596044,0.0131,-0.000258,0.011383,0.002092,0.004425,-0.001696,0.005691000000000001,0.001428,0.064689,0.013905,0.07266,0.025403,0.031257,0.033602,0.001428,0.068813,0.029540999999999998,0.017870999999999998,0.006199,0.038562,,2.71e-05,0.0019
2025-02,0.003703,0.006807,0.007789000000000001,0.010201,-0.000794,-0.00753405392373474,0.002176,0.002562345989005046,0.003395679322338379,0.003812345989005046,0.004229012655671712,0.0144,0.006836999999999999,-0.0022389999999999997,0.003965,0.005963,0.007143,0.0143,0.003729,0.036288,0.004409,0.034509,-0.015605,-0.007628,-0.010518000000000001,0.003729,0.030815000000000002,-0.006456,0.0048449999999999995,-0.025897999999999997,-0.015290999999999999,,2.71e-05,0.0019
2025-03,0.0018260000000000001,0.037559999999999996,0.03929,-0.01098,-0.020486,-0.01931213182453062,0.0022389999999999997,0.0026878855934139743,0.003521218926747308,0.0039378855934139746,0.00435455226008064,-0.0086,-0.015446,0.008457,0.001243,-0.010403,-0.017287999999999998,0.006161,0.0015840000000000001,-0.040115,-0.031120000000000002,-0.030986,-0.087684,-0.080079,-0.049965999999999997,0.0015840000000000001,-0.035832,-0.075248,0.006329,-0.0054930000000000005,0.025462,,2.71e-05,0.0019
2025-04,0.006928999999999999,-0.05011,-0.048088,0.003084,-0.001998,0.00930952626690118,0.002038,0.002407969605484863,0.0032413029388181965,0.0036579696054848633,0.004074636272151529,-0.0034999999999999996,0.016682,0.025750000000000002,0.007002,0.009941,0.019127,0.029387,0.0074719999999999995,-0.008192,-0.03726,0.0015279999999999998,-0.047913,-0.041302000000000005,-0.005086,0.0074719999999999995,-0.0064010000000000004,-0.040885,0.013142000000000001,-0.044287,-0.016207,,2.71e-05,0.0019
2025-05,0.000786,-0.007712,-0.005765,0.014452,-0.008507,0.03509489528795773,0.001879,0.0022103657810203983,0.0030436991143537313,0.003460365781020398,0.0038770324476870644,0.0092,0.0017449999999999998,0.010164,0.001534,0.005445,0.000979,-0.003552,0.0007580000000000001,0.046986999999999994,0.044039,0.05564,0.06340799999999999,0.060593,0.057999,0.0007580000000000001,0.043773,0.058875000000000004,0.042662000000000005,-0.017703,0.005575,,2.71e-05,0.0019
2025-06,0.000693,0.022366999999999998,0.024088,0.002799,-0.009464,0.033292499802418885,0.001814,0.0021268782282471534,0.0029602115615804865,0.003376878228247153,0.0037935448949138195,0.0216,-0.000905,0.014407000000000001,0.001426,0.002633,-0.002142,0.01895,0.0005949999999999999,-0.012983,0.025268000000000002,-0.0073409999999999994,0.013299,0.00885,0.035211,0.0005949999999999999,-0.007089,0.010542000000000001,0.060127,0.009609,0.015429,,2.71e-05,0.0019
2025-07,0.000395,-0.006512,-0.004541,0.011334,-0.0012740000000000002,0.022181004646537827,0.0017299999999999998,0.0019583268653366125,0.0027916601986699456,0.0032083268653366128,0.003624993532003279,0.010700000000000001,7.3e-05,-0.009046,0.001171,0.0052829999999999995,-0.001928,-0.014895,0.00016199999999999998,0.007342,0.045588,0.009840999999999999,0.04505,0.038801999999999996,0.019237999999999998,0.00016199999999999998,0.008288,0.039508999999999996,0.019489,0.001761,0.005431,,2.71e-05,0.0019
2025-08,0.0017410000000000001,0.017439,0.019264,0.002451,-0.007526000000000001,0.02130684475372724,0.0016200000000000001,0.0017246268407965437,0.002557960174129877,0.0029746268407965437,0.00339129350746321,0.0141,-0.002035,0.006364999999999999,0.002012,0.00021600000000000002,-0.0035470000000000002,0.014536,0.001946,0.011488,-0.009628,0.004039,0.001773,0.003337,0.018852,0.001946,0.012663,0.001973,0.012825999999999999,0.012103999999999998,0.038055,,2.71e-05,0.0019
2025-09,0.000945,0.01966,0.021505,0.00445,-0.005848,0.04168803575353519,0.0017879999999999999,0.0018485916689599514,0.0026819250022932844,0.003098591668959951,0.0035152583356266175,0.0159,0.003633,0.002515,0.000989,0.003852,0.004079999999999999,0.006532,0.000755,0.01593,0.067431,0.028401999999999997,0.030551,0.028193000000000003,0.030781,0.000755,0.017424,0.032275,0.071535,0.038816,0.012919,,2.71e-05,0.0019
2025-10,0.003144,0.027273000000000002,0.028942000000000002,-0.000654,-0.000582,0.028819102546068454,0.001734,0.0017792298225095449,0.002612563155842878,0.003029229822509545,0.003445896489176211,0.0195,0.008094,0.0037319999999999996,0.003185,0.007019999999999999,0.008728,-0.002539,0.003019,0.025551,0.060564,0.024024,0.040846999999999994,0.038408000000000005,0.024586999999999998,0.003019,0.025075,0.040788000000000005,0.041791,0.011996,0.019882999999999998,,2.71e-05,0.0019
2025-11,0.000925,0.030507,0.032024,0.002515,-0.000129,-0.020167148057630424,0.001567,0.001594991384222053,0.002428324717555386,0.0028449913842220533,0.003261658050888719,0.0025,-0.0007530000000000001,0.000357,0.0009,-0.002432,-0.00042500000000000003,0.002323,0.000914,0.009104,-0.029256,0.002837,-0.004864,-0.002663,0.001266,0.000914,0.00935,-0.005582,-0.023915000000000002,0.002346,0.008704,,2.71e-05,0.0019
2025-12,0.0008759999999999999,-0.004894,-0.003212,0.004149,0.000104,0.00645375102475132,0.0018479999999999998,0.0019045225782168519,0.002737855911550185,0.003154522578216852,0.003571189244883518,0.0055000000000000005,-0.004952,0.010723,0.000628,-0.001889,-0.00602,0.002611,0.00037600000000000003,0.026709,0.017725,0.023676,-0.00964,-0.0038469999999999997,0.004022,0.00037600000000000003,0.025444,-0.0015199999999999999,0.029913,0.011493,0.024982,,2.71e-05,0.0019
2026-01,0.003065,0.10168100000000001,0.103645,0.006058,-0.0005870000000000001,0.05176686712535261,0.001682,0.0017212927080369211,0.0025546260413702544,0.002971292708036921,0.0033879593747035875,0.0054,0.007346,0.0077800000000000005,0.003475,0.00759,0.007141999999999999,0.009361000000000001,0.0031669999999999997,0.031143,0.074619,0.027976,0.005027,0.009316999999999999,0.015982,0.0031669999999999997,0.025623,0.016489,0.088528,0.047196999999999996,0.050179,,2.71e-05,0.0019
2026-02,0.002745,0.009208,0.010987,0.002864,0.004035,0.013709464803585147,0.001569,,,,,0.0126,0.011845000000000001,0.014856000000000001,0.002819,0.005457,0.013931,0.011181000000000002,0.002943,0.040549,0.06295,0.035967,0.009800999999999999,0.014961,0.008679,0.002943,0.042634,0.020531999999999998,0.054954,0.034401,0.028976000000000002,,2.71e-05,0.0019
2026-03,-0.009327,0.114481,0.115047,-0.025019,-0.011837,-0.04403446033810166,0.001794,,,,,-0.0353,-0.025175,-0.03753,-0.010461,-0.022685,-0.026307999999999998,-0.030741,-0.010297,-0.07676,-0.109116,-0.083673,-0.033016000000000004,-0.040536,-0.058936999999999996,-0.010297,-0.074134,-0.04885900000000001,-0.13061999999999999,-0.008153,0.043101,,2.71e-05,0.0019
2026-04,,,,,,,,,,,,,,,,,,,,,,,,,,,0.04708999999999999,,,,,,,
